id,serial,event_type,user_agent,referrer,created_at,ip,country,region,city,latitude,longitude,gps_allowed
027b942b-9689-459a-9f01-fdce34a8b268,PG-FC26-087,page_view,"Mozilla/5.0 (iPhone; CPU iPhone OS 18_7 like Mac OS X) AppleWebKit/605.1.15 (KHTML, like Gecko) Version/26.5 Mobile/15E148 Safari/604.1",https://pinkglow-gin-experience.vercel.app/p/PG-FC26-087,2026-06-06 22:56:36.890839+00,,,,,,,false
03eebdc5-c99a-44ba-b3cf-4fd3ecf40683,PG-FC26-213,page_view,"Mozilla/5.0 (iPhone; CPU iPhone OS 18_7 like Mac OS X) AppleWebKit/605.1.15 (KHTML, like Gecko) Version/26.5 Mobile/15E148 Safari/604.1",https://pinkglow-gin-experience.vercel.app/p/PG-FC26-213,2026-06-11 07:26:09.869924+00,193.237.139.0,,,,,,false
07a6e98e-e20c-4b70-ac8d-e3b224efcbb8,PG-FC26-249,page_view,"Mozilla/5.0 (Windows NT 10.0; Win64; x64) AppleWebKit/537.36 (KHTML, like Gecko) Chrome/149.0.0.0 Safari/537.36 Edg/149.0.0.0",https://pinkglow-gin-experience.vercel.app/p/PG-FC26-249,2026-06-15 07:02:55.775616+00,185.184.192.244,,,,,,false
126efeca-1f5f-475a-8a80-b3b59a14a924,PG-FC26-213,page_view,"Mozilla/5.0 (iPhone; CPU iPhone OS 18_7 like Mac OS X) AppleWebKit/605.1.15 (KHTML, like Gecko) Version/26.5 Mobile/15E148 Safari/604.1",https://pinkglow-gin-experience.vercel.app/p/PG-FC26-213,2026-06-10 13:19:17.887199+00,79.26.126.204,,,,,,false
1cbcd5a1-6785-402d-b9a4-d6d088bca9f4,PG-FC26-001,page_view,"Mozilla/5.0 (Windows NT 10.0; Win64; x64) AppleWebKit/537.36 (KHTML, like Gecko) Chrome/149.0.0.0 Safari/537.36 Edg/149.0.0.0",https://pinkglow-gin-experience.vercel.app/p/PG-FC26-001,2026-06-11 08:06:50.21294+00,185.184.195.134,United Kingdom,Alba / Scotland,Anstruther,56.21955281874,-2.71002214334461,true
1e66648b-d737-4978-a11e-158bc5a8ec7a,PG-FC26-213,page_view,"Mozilla/5.0 (iPhone; CPU iPhone OS 18_7 like Mac OS X) AppleWebKit/605.1.15 (KHTML, like Gecko) Version/26.5 Mobile/15E148 Safari/604.1",https://pinkglow-gin-experience.vercel.app/p/PG-FC26-213,2026-06-10 23:01:13.737837+00,193.237.139.0,United Kingdom,Alba / Scotland,Anstruther,56.2194520791015,-2.71132468303457,true
1ec27878-afd3-4d7b-a687-dc0ccbd77579,PG-FC26-213,page_view,"Mozilla/5.0 (iPhone; CPU iPhone OS 18_7 like Mac OS X) AppleWebKit/605.1.15 (KHTML, like Gecko) Version/26.5 Mobile/15E148 Safari/604.1",https://pinkglow-gin-experience.vercel.app/p/PG-FC26-213,2026-06-10 13:17:14.892631+00,79.26.126.204,,,,,,false
20561d7f-2102-4565-8bb7-3b5e1b3b234e,PG-FC26-213,page_view,"Mozilla/5.0 (iPhone; CPU iPhone OS 18_7 like Mac OS X) AppleWebKit/605.1.15 (KHTML, like Gecko) Version/26.5 Mobile/15E148 Safari/604.1",https://pinkglow-gin-experience.vercel.app/p/PG-FC26-213,2026-06-10 19:00:32.997139+00,193.237.139.0,,,,,,false
236dbe42-2332-450f-8f80-503c5b120757,PG-FC26-213,page_view,"Mozilla/5.0 (iPhone; CPU iPhone OS 18_7 like Mac OS X) AppleWebKit/605.1.15 (KHTML, like Gecko) Version/26.5 Mobile/15E148 Safari/604.1",https://pinkglow-gin-experience.vercel.app/p/PG-FC26-213,2026-06-10 12:50:02.358489+00,79.26.126.204,,,,,,false
23ad9687-194c-4c5c-85f0-2602c4e2f33f,PG-FC26-001,page_view,"Mozilla/5.0 (Windows NT 10.0; Win64; x64) AppleWebKit/537.36 (KHTML, like Gecko) Chrome/149.0.0.0 Safari/537.36 Edg/149.0.0.0",http://localhost:3000/p/PG-FC26-001,2026-06-10 21:59:52.128151+00,::1,,,,,,false
23ecacee-44c2-47a0-acbf-85936ac22f0f,PG-FC26-249,page_view,"Mozilla/5.0 (Windows NT 10.0; Win64; x64) AppleWebKit/537.36 (KHTML, like Gecko) Chrome/149.0.0.0 Safari/537.36 Edg/149.0.0.0",https://pinkglow-gin-experience.vercel.app/p/PG-FC26-249,2026-06-15 07:00:01.557881+00,185.184.192.244,,,,,,false
24261a93-6a65-447c-93fe-896c59faa124,PG-FC26-213,page_view,"Mozilla/5.0 (iPhone; CPU iPhone OS 18_7 like Mac OS X) AppleWebKit/605.1.15 (KHTML, like Gecko) Version/26.5 Mobile/15E148 Safari/604.1",https://pinkglow-gin-experience.vercel.app/p/PG-FC26-213,2026-06-10 13:14:52.035716+00,193.237.139.0,,,,56.2194371720022,-2.71126481401349,true
2490ac81-3db0-4263-82da-77bb86d2b403,PG-FC26-001,page_view,"Mozilla/5.0 (Windows NT 10.0; Win64; x64) AppleWebKit/537.36 (KHTML, like Gecko) Chrome/149.0.0.0 Safari/537.36 Edg/149.0.0.0",https://pinkglow-gin-experience.vercel.app/p/PG-FC26-001,2026-06-11 07:32:25.681494+00,185.184.195.134,,,,,,false
24d13db0-7bb6-420c-9afe-419a07936a95,PG-FC26-213,page_view,"Mozilla/5.0 (iPhone; CPU iPhone OS 18_7 like Mac OS X) AppleWebKit/605.1.15 (KHTML, like Gecko) Version/26.5 Mobile/15E148 Safari/604.1",https://pinkglow-gin-experience.vercel.app/p/PG-FC26-213,2026-06-14 18:34:12.271142+00,193.237.139.0,,,,,,false
24f0d2e3-103b-4a07-9d7f-e8d09b4a7014,PG-FC26-162,page_view,"Mozilla/5.0 (iPhone; CPU iPhone OS 18_7 like Mac OS X) AppleWebKit/605.1.15 (KHTML, like Gecko) Version/26.5 Mobile/15E148 Safari/604.1",https://pinkglow-gin-experience.vercel.app/p/PG-FC26-162,2026-06-07 12:30:44.160372+00,,,,,,,false
24f26da2-ab74-45ef-b55c-f2b9d97d4125,PG-FC26-213,page_view,"Mozilla/5.0 (iPhone; CPU iPhone OS 18_7 like Mac OS X) AppleWebKit/605.1.15 (KHTML, like Gecko) Version/26.5 Mobile/15E148 Safari/604.1",https://pinkglow-gin-experience.vercel.app/p/PG-FC26-213,2026-06-11 21:17:45.455698+00,193.237.139.0,,,,,,false
25f9d0bf-70f0-4f3b-a10d-a1b74d1d874f,PG-FC26-097,page_view,"Mozilla/5.0 (iPhone; CPU iPhone OS 18_7 like Mac OS X) AppleWebKit/605.1.15 (KHTML, like Gecko) Version/26.3 Mobile/15E148 Safari/604.1",https://pinkglow-gin-experience.vercel.app/p/PG-FC26-097,2026-06-12 07:45:57.553044+00,51.52.33.144,,,,,,false
28e1a6d7-479e-4885-8e6d-39abb0436b43,PG-FC26-097,page_view,"Mozilla/5.0 (iPhone; CPU iPhone OS 18_7 like Mac OS X) AppleWebKit/605.1.15 (KHTML, like Gecko) Version/26.3 Mobile/15E148 Safari/604.1",https://pinkglow-gin-experience.vercel.app/p/PG-FC26-097,2026-06-12 07:46:56.984165+00,51.52.33.144,,,,,,false
2a402184-17cd-43da-922d-3e9701e32677,PG-FC26-213,page_view,"Mozilla/5.0 (iPhone; CPU iPhone OS 18_7 like Mac OS X) AppleWebKit/605.1.15 (KHTML, like Gecko) Version/26.5 Mobile/15E148 Safari/604.1",https://pinkglow-gin-experience.vercel.app/p/PG-FC26-213,2026-06-10 21:20:36.685251+00,79.26.126.204,,,,,,false
2a7adb97-af4d-4024-972e-2455f4fc2dae,PG-FC26-213,page_view,"Mozilla/5.0 (iPhone; CPU iPhone OS 18_7 like Mac OS X) AppleWebKit/605.1.15 (KHTML, like Gecko) Version/26.5 Mobile/15E148 Safari/604.1",https://pinkglow-gin-experience.vercel.app/p/PG-FC26-213,2026-06-10 21:19:22.181089+00,193.237.139.0,,,,,,false
2e44504f-7868-4701-a3ee-52dd59c86f5c,PG-FC26-213,page_view,"Mozilla/5.0 (iPhone; CPU iPhone OS 18_7 like Mac OS X) AppleWebKit/605.1.15 (KHTML, like Gecko) Version/26.5 Mobile/15E148 Safari/604.1",https://pinkglow-gin-experience.vercel.app/p/PG-FC26-213,2026-06-10 21:18:53.19128+00,193.237.139.0,,,,,,false
2e7f8534-3d39-432b-93f1-28e5c012354a,PG-FC26-213,page_view,"Mozilla/5.0 (iPhone; CPU iPhone OS 18_7 like Mac OS X) AppleWebKit/605.1.15 (KHTML, like Gecko) Version/26.5 Mobile/15E148 Safari/604.1",https://pinkglow-gin-experience.vercel.app/p/PG-FC26-213,2026-06-14 18:34:22.967429+00,193.237.139.0,United Kingdom,Alba / Scotland,Anstruther,56.2194414620179,-2.71126329960165,true
2fd82993-5789-4f8d-b9aa-059e7e8e5141,PG-FC26-213,page_view,"Mozilla/5.0 (iPhone; CPU iPhone OS 18_7 like Mac OS X) AppleWebKit/605.1.15 (KHTML, like Gecko) Version/26.5 Mobile/15E148 Safari/604.1",https://pinkglow-gin-experience.vercel.app/p/PG-FC26-213,2026-06-10 19:05:32.096692+00,79.26.126.204,,,,,,false
30049d7e-b8e8-4da6-b8da-089e0b36592a,PG-FC26-213,page_view,"Mozilla/5.0 (iPhone; CPU iPhone OS 18_7 like Mac OS X) AppleWebKit/605.1.15 (KHTML, like Gecko) Version/26.5 Mobile/15E148 Safari/604.1",https://pinkglow-gin-experience.vercel.app/p/PG-FC26-213,2026-06-10 13:05:25.827641+00,79.26.126.204,,,,,,false
31a16255-01d1-4454-a048-d7f50b75ef41,PG-FC26-094,page_view,"Mozilla/5.0 (iPhone; CPU iPhone OS 18_7 like Mac OS X) AppleWebKit/605.1.15 (KHTML, like Gecko) Version/18.7.6 Mobile/15E148 Safari/604.1",https://pinkglow-gin-experience.vercel.app/p/PG-FC26-094,2026-06-09 00:48:33.449082+00,,,,,,,false
338d901c-7a41-4306-9e32-c2c50878400d,PG-FC26-001,page_view,"Mozilla/5.0 (Windows NT 10.0; Win64; x64) AppleWebKit/537.36 (KHTML, like Gecko) Chrome/149.0.0.0 Safari/537.36 Edg/149.0.0.0",http://localhost:3000/p/PG-FC26-001,2026-06-10 21:48:41.364345+00,::1,United Kingdom,Alba / Scotland,Anstruther,56.2194420178551,-2.71098392520336,true
35793822-d9c6-482e-9f33-91467d29e475,PG-FC26-213,page_view,"Mozilla/5.0 (iPhone; CPU iPhone OS 18_7 like Mac OS X) AppleWebKit/605.1.15 (KHTML, like Gecko) Version/26.5 Mobile/15E148 Safari/604.1",https://pinkglow-gin-experience.vercel.app/p/PG-FC26-213,2026-06-10 19:05:26.507048+00,79.26.126.204,,,,,,false
35d086de-bf1a-49ec-9a60-263f6f6ac155,PG-FC26-001,page_view,"Mozilla/5.0 (Windows NT 10.0; Win64; x64) AppleWebKit/537.36 (KHTML, like Gecko) Chrome/149.0.0.0 Safari/537.36 Edg/149.0.0.0",https://pinkglow-gin-experience.vercel.app/p/PG-FC26-001,2026-06-11 07:50:46.646836+00,185.184.195.134,,,,,,false
384f0e8f-9549-4468-a1aa-2fc8f82fe16c,PG-FC26-032,page_view,"Mozilla/5.0 (iPhone; CPU iPhone OS 18_7 like Mac OS X) AppleWebKit/605.1.15 (KHTML, like Gecko) Version/26.5 Mobile/15E148 Safari/604.1",https://pinkglow-gin-experience.vercel.app/p/PG-FC26-032,2026-06-10 18:30:09.316017+00,82.132.217.116,,,,,,false
3da965ef-a511-44ae-8ee7-a77188b6c9be,PG-FC26-001,page_view,"Mozilla/5.0 (Windows NT 10.0; Win64; x64) AppleWebKit/537.36 (KHTML, like Gecko) Chrome/149.0.0.0 Safari/537.36 Edg/149.0.0.0",http://localhost:3000/p/PG-FC26-001,2026-06-11 08:04:15.826395+00,::1,,,,,,false
417ed3bb-e603-44b0-aee5-94ba43d06d4f,PG-FC26-213,page_view,"Mozilla/5.0 (iPhone; CPU iPhone OS 18_7 like Mac OS X) AppleWebKit/605.1.15 (KHTML, like Gecko) Version/26.5 Mobile/15E148 Safari/604.1",https://pinkglow-gin-experience.vercel.app/p/PG-FC26-213,2026-06-10 13:06:41.500632+00,79.26.126.204,,,,,,false
417f0ca8-89f1-444c-83f3-3cbb612f7504,PG-FC26-105,page_view,"Mozilla/5.0 (iPhone; CPU iPhone OS 18_7 like Mac OS X) AppleWebKit/605.1.15 (KHTML, like Gecko) Version/26.5 Mobile/15E148 Safari/604.1",https://pinkglow-gin-experience.vercel.app/p/PG-FC26-105,2026-06-08 16:55:57.318116+00,,,,,,,false
451d19a6-d93d-4516-b427-6071163ade2d,PG-FC26-213,page_view,"Mozilla/5.0 (iPhone; CPU iPhone OS 18_7 like Mac OS X) AppleWebKit/605.1.15 (KHTML, like Gecko) Version/26.5 Mobile/15E148 Safari/604.1",https://pinkglow-gin-experience.vercel.app/p/PG-FC26-213,2026-06-10 13:20:16.390237+00,79.26.126.204,,,,,,false
453a3f54-2603-4b79-ad3e-c70becdbd097,PG-FC26-222,page_view,"Mozilla/5.0 (iPhone; CPU iPhone OS 18_7 like Mac OS X) AppleWebKit/605.1.15 (KHTML, like Gecko) Version/18.7.5 Mobile/15E148 Safari/604.1",https://pinkglow-gin-experience.vercel.app/p/PG-FC26-222,2026-06-09 07:03:41.233675+00,,,,,,,false
49ad7243-68af-4f0c-b64c-4c42b0a5e974,PG-FC26-249,page_view,"Mozilla/5.0 (Windows NT 10.0; Win64; x64) AppleWebKit/537.36 (KHTML, like Gecko) Chrome/149.0.0.0 Safari/537.36 Edg/149.0.0.0",https://pinkglow-gin-experience.vercel.app/p/PG-FC26-249,2026-06-15 07:01:37.11937+00,185.184.192.244,United Kingdom,Alba / Scotland,Anstruther,56.219343492892,-2.71025173656153,true
4c5e7fe7-c85f-4349-8e46-0e3157adde77,PG-FC26-213,page_view,"Mozilla/5.0 (iPhone; CPU iPhone OS 18_7 like Mac OS X) AppleWebKit/605.1.15 (KHTML, like Gecko) Version/26.5 Mobile/15E148 Safari/604.1",https://pinkglow-gin-experience.vercel.app/p/PG-FC26-213,2026-06-11 21:40:46.315011+00,79.26.126.204,,,,,,false
4ec6acff-6f3e-4cd7-9453-7adf2f9acc8f,PG-FC26-070,page_view,"Mozilla/5.0 (iPhone; CPU iPhone OS 18_7 like Mac OS X) AppleWebKit/605.1.15 (KHTML, like Gecko) Version/26.5 Mobile/15E148 Safari/604.1",https://pinkglow-gin-experience.vercel.app/p/PG-FC26-070,2026-06-09 21:36:53.010139+00,,,,,,,false
5188543c-2972-4ce4-a8fa-4d7fa61adeda,PG-FC26-064,page_view,"Mozilla/5.0 (iPhone; CPU iPhone OS 26_4_2 like Mac OS X) AppleWebKit/605.1.15 (KHTML, like Gecko) EdgiOS/148.0.3967.97 Version/26.0 Mobile/15E148 Safari/604.1",https://pinkglow-gin-experience.vercel.app/p/PG-FC26-064,2026-06-06 14:40:16.145221+00,,,,,,,false
535ece09-ea0a-4709-b510-45f0ecf06e52,PG-FC26-249,page_view,"Mozilla/5.0 (Windows NT 10.0; Win64; x64) AppleWebKit/537.36 (KHTML, like Gecko) Chrome/149.0.0.0 Safari/537.36 Edg/149.0.0.0",https://pinkglow-gin-experience.vercel.app/p/PG-FC26-249,2026-06-15 07:03:08.426132+00,185.184.192.244,,,,,,false
56de52a2-da41-4d85-95d0-4f42984d59cd,PG-FC26-001,page_view,"Mozilla/5.0 (Windows NT 10.0; Win64; x64) AppleWebKit/537.36 (KHTML, like Gecko) Chrome/149.0.0.0 Safari/537.36 Edg/149.0.0.0",https://pinkglow-gin-experience.vercel.app/p/PG-FC26-001,2026-06-11 07:37:41.495146+00,185.184.195.134,,,,,,false
577beec5-968f-4c7e-8843-4de3e979a004,PG-FC26-068,page_view,"Mozilla/5.0 (iPhone; CPU iPhone OS 17_6_1 like Mac OS X) AppleWebKit/605.1.15 (KHTML, like Gecko) Version/17.6 Mobile/15E148 Safari/604.1",https://pinkglow-gin-experience.vercel.app/p/PG-FC26-068,2026-06-07 08:56:08.185118+00,,,,,,,false
57f9b247-8cad-42c0-b053-8636fe14913d,PG-FC26-213,page_view,"Mozilla/5.0 (iPhone; CPU iPhone OS 18_7 like Mac OS X) AppleWebKit/605.1.15 (KHTML, like Gecko) Version/26.5 Mobile/15E148 Safari/604.1",https://pinkglow-gin-experience.vercel.app/p/PG-FC26-213,2026-06-10 23:00:48.012877+00,193.237.139.0,,,,,,false
593150ec-1495-40be-b46a-7a7de0ce186d,PG-FC26-047,page_view,"Mozilla/5.0 (iPhone; CPU iPhone OS 18_7 like Mac OS X) AppleWebKit/605.1.15 (KHTML, like Gecko) Version/26.5 Mobile/15E148 Safari/604.1",https://pinkglow-gin-experience.vercel.app/p/PG-FC26-047,2026-06-08 06:56:17.404872+00,,,,,,,false
597e05de-4eab-403f-924c-a427079466ea,PG-FC26-213,page_view,"Mozilla/5.0 (iPhone; CPU iPhone OS 18_7 like Mac OS X) AppleWebKit/605.1.15 (KHTML, like Gecko) Version/26.5 Mobile/15E148 Safari/604.1",https://pinkglow-gin-experience.vercel.app/p/PG-FC26-213,2026-06-10 13:19:22.785621+00,193.237.139.0,,,,56.2194520791015,-2.71132468303457,true
599d7791-7944-46c7-a60f-35433ad7afcb,PG-FC26-032,page_view,"Mozilla/5.0 (iPhone; CPU iPhone OS 18_7 like Mac OS X) AppleWebKit/605.1.15 (KHTML, like Gecko) Version/26.5 Mobile/15E148 Safari/604.1",https://pinkglow-gin-experience.vercel.app/p/PG-FC26-032,2026-06-10 16:01:36.036536+00,82.132.217.116,,,,,,false
5ccc7452-fa2a-4302-9128-ccdc5c604e26,PG-FC26-001,page_view,"Mozilla/5.0 (Windows NT 10.0; Win64; x64) AppleWebKit/537.36 (KHTML, like Gecko) Chrome/149.0.0.0 Safari/537.36 Edg/149.0.0.0",https://pinkglow-gin-experience.vercel.app/p/PG-FC26-001,2026-06-10 22:40:28.030547+00,185.184.195.134,,,,,,false
5e033989-deba-46c8-8ced-aa00a2c77724,PG-FC26-090,page_view,"Mozilla/5.0 (Linux; Android 10; K) AppleWebKit/537.36 (KHTML, like Gecko) SamsungBrowser/30.0 Chrome/143.0.0.0 Mobile Safari/537.36",https://pinkglow-gin-experience.vercel.app/p/PG-FC26-090,2026-06-12 22:20:33.680881+00,82.132.217.103,,,,,,false
6250323a-d42d-4d6d-bebc-b39c3a8185e1,PG-FC26-001,page_view,"Mozilla/5.0 (Windows NT 10.0; Win64; x64) AppleWebKit/537.36 (KHTML, like Gecko) Chrome/149.0.0.0 Safari/537.36 Edg/149.0.0.0",https://pinkglow-gin-experience.vercel.app/p/PG-FC26-001,2026-06-11 08:07:23.030071+00,185.184.195.134,,,,,,false
6492415a-73f2-4568-b58c-490772f6258f,PG-FC26-213,page_view,"Mozilla/5.0 (iPhone; CPU iPhone OS 18_7 like Mac OS X) AppleWebKit/605.1.15 (KHTML, like Gecko) Version/26.5 Mobile/15E148 Safari/604.1",https://pinkglow-gin-experience.vercel.app/p/PG-FC26-213,2026-06-11 07:55:43.545772+00,193.237.139.0,United Kingdom,Alba / Scotland,Anstruther,56.2194520791015,-2.71132468303457,true
66ce9787-39ea-40df-a81b-0f5f2ed99e69,PG-FC26-008,page_view,"Mozilla/5.0 (iPhone; CPU iPhone OS 18_7 like Mac OS X) AppleWebKit/605.1.15 (KHTML, like Gecko) Version/26.2 Mobile/15E148 Safari/604.1",https://pinkglow-gin-experience.vercel.app/p/PG-FC26-008,2026-06-06 12:57:03.983964+00,,,,,,,false
686ec268-3265-4fbf-bc48-1c82e64184b7,PG-FC26-127,page_view,"Mozilla/5.0 (iPhone; CPU iPhone OS 18_7 like Mac OS X) AppleWebKit/605.1.15 (KHTML, like Gecko) Version/26.5 Mobile/15E148 Safari/604.1",https://pinkglow-gin-experience.vercel.app/p/PG-FC26-127,2026-06-07 01:23:11.855181+00,,,,,,,false
69ac1d91-e760-4d5e-b3d6-04b336745717,PG-FC26-213,page_view,"Mozilla/5.0 (iPhone; CPU iPhone OS 18_7 like Mac OS X) AppleWebKit/605.1.15 (KHTML, like Gecko) Version/26.5 Mobile/15E148 Safari/604.1",https://pinkglow-gin-experience.vercel.app/p/PG-FC26-213,2026-06-11 21:41:04.589403+00,79.26.126.204,,,,,,false
6bee153d-0665-457c-b6f9-8e550fefd0cc,PG-FC26-032,page_view,"Mozilla/5.0 (iPhone; CPU iPhone OS 18_7 like Mac OS X) AppleWebKit/605.1.15 (KHTML, like Gecko) Version/26.5 Mobile/15E148 Safari/604.1",https://pinkglow-gin-experience.vercel.app/p/PG-FC26-032,2026-06-06 13:34:08.831832+00,,,,,,,false
6cee0c16-70d1-4522-b803-e161e21c41ad,PG-FC26-213,page_view,"Mozilla/5.0 (iPhone; CPU iPhone OS 18_7 like Mac OS X) AppleWebKit/605.1.15 (KHTML, like Gecko) Version/26.5 Mobile/15E148 Safari/604.1",https://pinkglow-gin-experience.vercel.app/p/PG-FC26-213,2026-06-10 12:28:52.517837+00,,,,,,,false
6f641d97-0a76-43ab-bbd6-b68e3b506a94,PG-FC26-213,page_view,"Mozilla/5.0 (iPhone; CPU iPhone OS 18_7 like Mac OS X) AppleWebKit/605.1.15 (KHTML, like Gecko) Version/26.5 Mobile/15E148 Safari/604.1",https://pinkglow-gin-experience.vercel.app/p/PG-FC26-213,2026-06-10 13:19:13.573317+00,79.26.126.204,,,,,,false
718fcc2c-0c73-40f2-997f-431f0bf66167,PG-FC26-213,page_view,"Mozilla/5.0 (iPhone; CPU iPhone OS 18_7 like Mac OS X) AppleWebKit/605.1.15 (KHTML, like Gecko) Version/26.5 Mobile/15E148 Safari/604.1",https://pinkglow-gin-experience.vercel.app/p/PG-FC26-213,2026-06-10 18:55:29.251233+00,193.237.139.0,United Kingdom,Alba / Scotland,Anstruther,56.2194371796221,-2.71126482877784,true
7208041f-048a-4247-8469-c87c5c6bbc8b,PG-FC26-230,page_view,"Mozilla/5.0 (iPhone; CPU iPhone OS 18_7 like Mac OS X) AppleWebKit/605.1.15 (KHTML, like Gecko) Version/26.5 Mobile/15E148 Safari/604.1",https://pinkglow-gin-experience.vercel.app/p/PG-FC26-230,2026-06-06 19:27:01.941415+00,,,,,,,false
72a9ec6c-3e67-415a-a416-ec0102959718,PG-FC26-001,page_view,"Mozilla/5.0 (Windows NT 10.0; Win64; x64) AppleWebKit/537.36 (KHTML, like Gecko) Chrome/149.0.0.0 Safari/537.36 Edg/149.0.0.0",http://localhost:3000/p/PG-FC26-001,2026-06-10 22:23:35.850689+00,::1,,,,,,false
74351aed-c9a6-4eb1-acf7-bc0a1dd96f8a,PG-FC26-213,page_view,"Mozilla/5.0 (iPhone; CPU iPhone OS 18_7 like Mac OS X) AppleWebKit/605.1.15 (KHTML, like Gecko) Version/26.5 Mobile/15E148 Safari/604.1",https://pinkglow-gin-experience.vercel.app/p/PG-FC26-213,2026-06-11 12:16:42.43132+00,79.26.126.204,,,,,,false
744a0412-232f-414b-91eb-82a7ca63f2e0,PG-FC26-250,page_view,"Mozilla/5.0 (Windows NT 10.0; Win64; x64) AppleWebKit/537.36 (KHTML, like Gecko) Chrome/149.0.0.0 Safari/537.36 Edg/149.0.0.0",https://pinkglow-gin-experience.vercel.app/p/PG-FC26-250?utm_source=chatgpt.com,2026-06-13 10:06:00.259369+00,80.79.7.107,,,,,,false
76531119-80e1-4b33-8960-5de0ee4fc9fe,PG-FC26-213,page_view,"Mozilla/5.0 (iPhone; CPU iPhone OS 18_7 like Mac OS X) AppleWebKit/605.1.15 (KHTML, like Gecko) Version/26.5 Mobile/15E148 Safari/604.1",https://pinkglow-gin-experience.vercel.app/p/PG-FC26-213,2026-06-10 12:56:43.625748+00,79.26.126.204,,,,,,false
771a2918-0184-4d1c-b22b-30c0638468e1,PG-FC26-213,page_view,"Mozilla/5.0 (iPhone; CPU iPhone OS 18_7 like Mac OS X) AppleWebKit/605.1.15 (KHTML, like Gecko) Version/26.5 Mobile/15E148 Safari/604.1",https://pinkglow-gin-experience.vercel.app/p/PG-FC26-213,2026-06-11 21:17:52.2518+00,193.237.139.0,United Kingdom,Alba / Scotland,Anstruther,56.2194392230466,-2.71126677172726,true
7798f76d-1f3b-4060-a656-8fa2650b5276,PG-FC26-213,page_view,"Mozilla/5.0 (iPhone; CPU iPhone OS 18_7 like Mac OS X) AppleWebKit/605.1.15 (KHTML, like Gecko) Version/26.5 Mobile/15E148 Safari/604.1",https://pinkglow-gin-experience.vercel.app/p/PG-FC26-213,2026-06-10 21:20:42.191712+00,79.26.126.204,,,,,,false
77c13491-5e33-4923-a1f5-34dc1032feb3,PG-FC26-213,page_view,"Mozilla/5.0 (iPhone; CPU iPhone OS 18_7 like Mac OS X) AppleWebKit/605.1.15 (KHTML, like Gecko) Version/26.5 Mobile/15E148 Safari/604.1",https://pinkglow-gin-experience.vercel.app/p/PG-FC26-213,2026-06-10 13:27:45.607198+00,193.237.139.0,,,,,,false
78ce5ed0-2a91-40bc-9b18-4f169994b946,PG-FC26-107,page_view,"Mozilla/5.0 (iPhone; CPU iPhone OS 18_7 like Mac OS X) AppleWebKit/605.1.15 (KHTML, like Gecko) Version/26.5 Mobile/15E148 Safari/604.1",https://pinkglow-gin-experience.vercel.app/p/PG-FC26-107,2026-06-06 12:07:19.075122+00,,,,,,,false
7925d37e-fdee-4ca8-917b-2a6c4f8cbbd7,PG-FC26-213,page_view,"Mozilla/5.0 (iPhone; CPU iPhone OS 18_7 like Mac OS X) AppleWebKit/605.1.15 (KHTML, like Gecko) Version/26.5 Mobile/15E148 Safari/604.1",https://pinkglow-gin-experience.vercel.app/p/PG-FC26-213,2026-06-10 13:29:52.174369+00,193.237.139.0,United Kingdom,Alba / Scotland,Anstruther,56.2194520791015,-2.71132468303457,true
7a3e1516-3e7e-4ff6-b10b-f6ecd842a11b,PG-FC26-001,page_view,"Mozilla/5.0 (Windows NT 10.0; Win64; x64) AppleWebKit/537.36 (KHTML, like Gecko) Chrome/149.0.0.0 Safari/537.36 Edg/149.0.0.0",http://localhost:3000/p/PG-FC26-001,2026-06-10 21:48:34.34604+00,::1,,,,,,false
7f3f8855-ec13-46c5-bfd8-875308a81f3e,PG-FC26-001,page_view,"Mozilla/5.0 (Windows NT 10.0; Win64; x64) AppleWebKit/537.36 (KHTML, like Gecko) Chrome/149.0.0.0 Safari/537.36 Edg/149.0.0.0",http://localhost:3000/p/PG-FC26-001,2026-06-10 21:48:01.483904+00,::1,,,,,,false
80ac76ab-0768-4fae-8a9a-161fb856e972,PG-FC26-213,page_view,"Mozilla/5.0 (iPhone; CPU iPhone OS 18_7 like Mac OS X) AppleWebKit/605.1.15 (KHTML, like Gecko) Version/26.5 Mobile/15E148 Safari/604.1",https://pinkglow-gin-experience.vercel.app/p/PG-FC26-213,2026-06-10 13:17:57.290992+00,193.237.139.0,,,,,,false
8363bf86-704f-4129-b46b-4ac0b2321e25,PG-FC26-213,page_view,"Mozilla/5.0 (iPhone; CPU iPhone OS 18_7 like Mac OS X) AppleWebKit/605.1.15 (KHTML, like Gecko) Version/26.5 Mobile/15E148 Safari/604.1",https://pinkglow-gin-experience.vercel.app/p/PG-FC26-213,2026-06-11 07:26:12.552761+00,193.237.139.0,United Kingdom,Alba / Scotland,Anstruther,56.2194520791015,-2.71132468303457,true
83b69233-2221-4dc4-bdb8-b4207469d4cb,PG-FC26-250,page_view,"Mozilla/5.0 (Windows NT 10.0; Win64; x64) AppleWebKit/537.36 (KHTML, like Gecko) Chrome/149.0.0.0 Safari/537.36 Edg/149.0.0.0",https://pinkglow-gin-experience.vercel.app/p/PG-FC26-250,2026-06-13 10:07:25.91302+00,80.79.7.107,,,,,,false
8c760e02-bee9-4921-8924-6b1c5c4ecc02,PG-FC26-001,page_view,"Mozilla/5.0 (Windows NT 10.0; Win64; x64) AppleWebKit/537.36 (KHTML, like Gecko) Chrome/149.0.0.0 Safari/537.36 Edg/149.0.0.0",http://localhost:3000/p/PG-FC26-001,2026-06-10 21:54:16.012402+00,::1,,,,,,false
8ee615ef-2e74-40db-a656-a70d86f45ca6,PG-FC26-001,page_view,"Mozilla/5.0 (Windows NT 10.0; Win64; x64) AppleWebKit/537.36 (KHTML, like Gecko) Chrome/149.0.0.0 Safari/537.36 Edg/149.0.0.0",https://pinkglow-gin-experience.vercel.app/p/PG-FC26-001,2026-06-10 22:40:34.264875+00,185.184.195.134,United Kingdom,Alba / Scotland,Anstruther,56.2193524743601,-2.71049964803413,true
8ef2c042-4bf5-49d1-813e-8fad702b4652,PG-FC26-160,page_view,"Mozilla/5.0 (iPhone; CPU iPhone OS 26_3_1 like Mac OS X) AppleWebKit/605.1.15 (KHTML, like Gecko) CriOS/149.0.7827.45 Mobile/15E148 Safari/604.1",https://pinkglow-gin-experience.vercel.app/p/PG-FC26-160,2026-06-06 16:15:37.87566+00,,,,,,,false
91878134-9652-4ce9-a342-d6c3a9475c55,PG-FC26-001,page_view,"Mozilla/5.0 (Windows NT 10.0; Win64; x64) AppleWebKit/537.36 (KHTML, like Gecko) Chrome/149.0.0.0 Safari/537.36 Edg/149.0.0.0",https://pinkglow-gin-experience.vercel.app/p/PG-FC26-001,2026-06-11 07:37:19.993077+00,185.184.195.134,United Kingdom,Alba / Scotland,Anstruther,56.21955281874,-2.71002214334461,true
91a419d5-63c1-433f-9d25-e7bdb0468f4a,PG-FC26-224,page_view,"Mozilla/5.0 (Linux; Android 10; K) AppleWebKit/537.36 (KHTML, like Gecko) Chrome/148.0.0.0 Mobile Safari/537.36",https://pinkglow-gin-experience.vercel.app/p/PG-FC26-224,2026-06-06 17:35:25.556684+00,,,,,,,false
928a259b-4798-45b3-b57f-d12f5e7746cc,PG-FC26-070,page_view,"Mozilla/5.0 (iPhone; CPU iPhone OS 18_7 like Mac OS X) AppleWebKit/605.1.15 (KHTML, like Gecko) Version/26.5 Mobile/15E148 Safari/604.1",https://pinkglow-gin-experience.vercel.app/p/PG-FC26-070,2026-06-09 22:16:33.215538+00,,,,,,,false
96893067-88ef-49a8-8b67-28ee75534334,PG-FC26-250,page_view,"Mozilla/5.0 (iPhone; CPU iPhone OS 18_7 like Mac OS X) AppleWebKit/605.1.15 (KHTML, like Gecko) Version/26.5 Mobile/15E148 Safari/604.1",https://pinkglow-gin-experience.vercel.app/p/PG-FC26-250,2026-06-13 10:58:22.748777+00,104.28.62.58,Deutschland,Bayern,München,48.1456465978441,11.5580482087721,true
97f36af6-3a56-4f01-978a-9b4978c42ba6,PG-FC26-001,page_view,"Mozilla/5.0 (Windows NT 10.0; Win64; x64) AppleWebKit/537.36 (KHTML, like Gecko) Chrome/148.0.0.0 Safari/537.36 Edg/148.0.0.0",https://pinkglow-gin-experience.vercel.app/p/PG-FC26-001,2026-06-06 11:25:49.969932+00,,,,,,,false
995275f2-3c80-4797-a524-ad75ea55af5a,PG-FC26-001,page_view,"Mozilla/5.0 (Windows NT 10.0; Win64; x64) AppleWebKit/537.36 (KHTML, like Gecko) Chrome/149.0.0.0 Safari/537.36 Edg/149.0.0.0",http://localhost:3000/p/PG-FC26-001,2026-06-11 07:54:10.40145+00,::1,,,,,,false
99991348-0ce5-4ff1-9ee7-3de54505c606,PG-FC26-224,page_view,"Mozilla/5.0 (Linux; Android 10; K) AppleWebKit/537.36 (KHTML, like Gecko) Chrome/138.0.0.0 Mobile Safari/537.36 (compatible; Google-Read-Aloud; +https://support.google.com/webmasters/answer/1061943)",https://pinkglow-gin-experience.vercel.app/p/PG-FC26-224,2026-06-06 17:35:30.604572+00,,,,,,,false
9ab7a7ec-d234-4c85-ab53-3aeed3c4bdbb,PG-FC26-034,page_view,"Mozilla/5.0 (iPhone; CPU iPhone OS 18_7 like Mac OS X) AppleWebKit/605.1.15 (KHTML, like Gecko) Version/26.5 Mobile/15E148 Safari/604.1",https://pinkglow-gin-experience.vercel.app/p/PG-FC26-034,2026-06-07 09:24:09.049737+00,,,,,,,false
9b0001ba-6914-4ca4-887a-0ff1ca92ee26,PG-FC26-213,page_view,"Mozilla/5.0 (iPhone; CPU iPhone OS 18_7 like Mac OS X) AppleWebKit/605.1.15 (KHTML, like Gecko) Version/26.5 Mobile/15E148 Safari/604.1",https://pinkglow-gin-experience.vercel.app/p/PG-FC26-213,2026-06-10 13:16:49.085957+00,79.26.126.204,,,,,,false
9b59aa96-e7b0-418f-a58d-604042e074f6,PG-FC26-001,page_view,"Mozilla/5.0 (Windows NT 10.0; Win64; x64) AppleWebKit/537.36 (KHTML, like Gecko) Chrome/149.0.0.0 Safari/537.36 Edg/149.0.0.0",https://pinkglow-gin-experience.vercel.app/p/PG-FC26-001,2026-06-11 08:06:18.109273+00,185.184.195.134,,,,,,false
9e537dca-e167-44bf-8f19-0c516da2295c,PG-FC26-213,page_view,"Mozilla/5.0 (iPhone; CPU iPhone OS 18_7 like Mac OS X) AppleWebKit/605.1.15 (KHTML, like Gecko) Version/26.5 Mobile/15E148 Safari/604.1",https://pinkglow-gin-experience.vercel.app/p/PG-FC26-213,2026-06-11 10:40:08.743082+00,79.26.126.204,,,,,,false
9fc2840c-d57c-4301-a078-98636f1bc80b,PG-FC26-213,page_view,"Mozilla/5.0 (iPhone; CPU iPhone OS 18_7 like Mac OS X) AppleWebKit/605.1.15 (KHTML, like Gecko) Version/26.5 Mobile/15E148 Safari/604.1",https://pinkglow-gin-experience.vercel.app/p/PG-FC26-213,2026-06-10 13:21:29.805953+00,79.26.126.204,,,,,,false
a00e0fff-de90-4b5c-81fd-89626a5b964e,PG-FC26-193,page_view,"Mozilla/5.0 (Linux; Android 10; K) AppleWebKit/537.36 (KHTML, like Gecko) Chrome/148.0.0.0 Mobile Safari/537.36",https://pinkglow-gin-experience.vercel.app/p/PG-FC26-193,2026-06-07 10:17:01.525411+00,,,,,,,false
a0aae1ae-5f9b-417f-ad1f-702b3a3a8429,PG-FC26-250,page_view,"Mozilla/5.0 (iPhone; CPU iPhone OS 18_7 like Mac OS X) AppleWebKit/605.1.15 (KHTML, like Gecko) Version/26.5 Mobile/15E148 Safari/604.1",https://pinkglow-gin-experience.vercel.app/p/PG-FC26-250,2026-06-13 10:58:13.44908+00,104.28.62.58,,,,,,false
a1e8fcd2-7dea-49c7-8e8e-f2f6e7f273e9,PG-FC26-001,page_view,"Mozilla/5.0 (Windows NT 10.0; Win64; x64) AppleWebKit/537.36 (KHTML, like Gecko) Chrome/149.0.0.0 Safari/537.36 Edg/149.0.0.0",http://localhost:3000/p/PG-FC26-001,2026-06-10 21:54:21.00854+00,::1,United Kingdom,Alba / Scotland,Anstruther,56.21955281874,-2.71002214334461,true
a28e6d6f-c4ed-45d0-90c7-de4bcc8de0ba,PG-FC26-213,page_view,"Mozilla/5.0 (iPhone; CPU iPhone OS 18_7 like Mac OS X) AppleWebKit/605.1.15 (KHTML, like Gecko) Version/26.5 Mobile/15E148 Safari/604.1",https://pinkglow-gin-experience.vercel.app/p/PG-FC26-213,2026-06-10 21:18:54.37684+00,193.237.139.0,United Kingdom,Alba / Scotland,Anstruther,56.219437169137,-2.71126480846187,true
a2aee9d5-bd81-4917-b186-22de5c6d0402,PG-FC26-213,page_view,"Mozilla/5.0 (iPhone; CPU iPhone OS 18_7 like Mac OS X) AppleWebKit/605.1.15 (KHTML, like Gecko) Version/26.5 Mobile/15E148 Safari/604.1",https://pinkglow-gin-experience.vercel.app/p/PG-FC26-213,2026-06-11 07:38:29.061234+00,193.237.139.0,,,,,,false
a3cb7c89-0290-4e35-aa89-7880c54a6573,PG-FC26-001,page_view,"Mozilla/5.0 (Windows NT 10.0; Win64; x64) AppleWebKit/537.36 (KHTML, like Gecko) Chrome/148.0.0.0 Safari/537.36 Edg/148.0.0.0",https://pinkglow-gin-experience.vercel.app/p/PG-FC26-001,2026-06-06 11:25:46.587334+00,,,,,,,false
af46f879-8e91-43c2-8319-d22239648f5e,PG-FC26-162,page_view,"Mozilla/5.0 (iPhone; CPU iPhone OS 18_7 like Mac OS X) AppleWebKit/605.1.15 (KHTML, like Gecko) Version/26.5 Mobile/15E148 Safari/604.1",https://pinkglow-gin-experience.vercel.app/p/PG-FC26-162,2026-06-07 12:33:09.972615+00,,,,,,,false
b4f89fbd-dd55-4a1b-a4a8-01869649df58,PG-FC26-213,page_view,"Mozilla/5.0 (iPhone; CPU iPhone OS 18_7 like Mac OS X) AppleWebKit/605.1.15 (KHTML, like Gecko) Version/26.5 Mobile/15E148 Safari/604.1",https://pinkglow-gin-experience.vercel.app/p/PG-FC26-213,2026-06-11 07:55:15.905526+00,193.237.139.0,,,,,,false
b5c7f88b-432f-4dd4-971c-5dd3bd98a277,PG-FC26-001,page_view,"Mozilla/5.0 (Windows NT 10.0; Win64; x64) AppleWebKit/537.36 (KHTML, like Gecko) Chrome/148.0.0.0 Safari/537.36 Edg/148.0.0.0",https://pinkglow-gin-experience.vercel.app/p/PG-FC26-001,2026-06-06 11:25:42.861004+00,,,,,,,false
b8e482a1-0b2c-4846-822d-88271cb45e1b,PG-FC26-105,page_view,"Mozilla/5.0 (iPhone; CPU iPhone OS 18_7 like Mac OS X) AppleWebKit/605.1.15 (KHTML, like Gecko) Version/26.5 Mobile/15E148 Safari/604.1",https://pinkglow-gin-experience.vercel.app/p/PG-FC26-105,2026-06-09 07:27:02.218964+00,,,,,,,false
bad6fb76-e138-44ae-be27-3922b7388303,PG-FC26-001,page_view,"Mozilla/5.0 (Windows NT 10.0; Win64; x64) AppleWebKit/537.36 (KHTML, like Gecko) Chrome/149.0.0.0 Safari/537.36 Edg/149.0.0.0",https://pinkglow-gin-experience.vercel.app/p/PG-FC26-001,2026-06-11 08:18:09.091039+00,185.184.195.134,,,,,,false
bb7b275f-e987-412a-bd88-cefa7c95098c,PG-FC26-001,page_view,"Mozilla/5.0 (Windows NT 10.0; Win64; x64) AppleWebKit/537.36 (KHTML, like Gecko) Chrome/149.0.0.0 Safari/537.36 Edg/149.0.0.0",https://pinkglow-gin-experience.vercel.app/p/PG-FC26-001,2026-06-11 08:17:42.230165+00,185.184.195.134,,,,,,false
bb90b492-1b54-4061-97e6-afc1200b4e94,PG-FC26-001,page_view,"Mozilla/5.0 (Windows NT 10.0; Win64; x64) AppleWebKit/537.36 (KHTML, like Gecko) Chrome/149.0.0.0 Safari/537.36 Edg/149.0.0.0",https://pinkglow-gin-experience.vercel.app/p/PG-FC26-001,2026-06-11 08:17:41.652559+00,185.184.195.134,,,,,,false
c36397af-300f-47d1-bd2b-651f6fcf5ca7,PG-FC26-213,page_view,"Mozilla/5.0 (iPhone; CPU iPhone OS 18_7 like Mac OS X) AppleWebKit/605.1.15 (KHTML, like Gecko) Version/26.5 Mobile/15E148 Safari/604.1",https://pinkglow-gin-experience.vercel.app/p/PG-FC26-213,2026-06-10 12:57:12.455666+00,79.26.126.204,,,,,,false
c3825dbb-54e9-4bca-a71a-a39399947149,PG-FC26-213,page_view,"Mozilla/5.0 (iPhone; CPU iPhone OS 18_7 like Mac OS X) AppleWebKit/605.1.15 (KHTML, like Gecko) Version/26.5 Mobile/15E148 Safari/604.1",https://pinkglow-gin-experience.vercel.app/p/PG-FC26-213,2026-06-11 12:16:29.08879+00,79.26.126.204,,,,,,false
c3ea260d-ed25-43d0-a77f-77b5b5caaeec,PG-FC26-213,page_view,"Mozilla/5.0 (iPhone; CPU iPhone OS 18_7 like Mac OS X) AppleWebKit/605.1.15 (KHTML, like Gecko) Version/26.5 Mobile/15E148 Safari/604.1",https://pinkglow-gin-experience.vercel.app/p/PG-FC26-213,2026-06-10 13:14:44.56565+00,193.237.139.0,,,,,,false
c61a8cd6-73eb-4d16-bd7d-2e30d515f2d5,PG-FC26-213,page_view,"Mozilla/5.0 (iPhone; CPU iPhone OS 18_7 like Mac OS X) AppleWebKit/605.1.15 (KHTML, like Gecko) Version/26.5 Mobile/15E148 Safari/604.1",https://pinkglow-gin-experience.vercel.app/p/PG-FC26-213,2026-06-10 13:21:35.740255+00,79.26.126.204,,,,,,false
c760a758-7d4f-4091-ac0d-0d508e2f1d58,PG-FC26-149,page_view,"Mozilla/5.0 (iPhone; CPU iPhone OS 18_7 like Mac OS X) AppleWebKit/605.1.15 (KHTML, like Gecko) Version/26.5 Mobile/15E148 Safari/604.1",https://pinkglow-gin-experience.vercel.app/p/PG-FC26-149,2026-06-06 11:29:17.238978+00,,,,,,,false
c958dce8-cac2-46b4-a838-b970931091d0,PG-FC26-001,page_view,"Mozilla/5.0 (Windows NT 10.0; Win64; x64) AppleWebKit/537.36 (KHTML, like Gecko) Chrome/149.0.0.0 Safari/537.36 Edg/149.0.0.0",https://pinkglow-gin-experience.vercel.app/p/PG-FC26-001,2026-06-11 07:36:57.329886+00,185.184.195.134,,,,,,false
ca05aaed-7557-41e6-8ba3-97c91cd57b6b,PG-FC26-213,page_view,"Mozilla/5.0 (iPhone; CPU iPhone OS 18_7 like Mac OS X) AppleWebKit/605.1.15 (KHTML, like Gecko) Version/26.5 Mobile/15E148 Safari/604.1",https://pinkglow-gin-experience.vercel.app/p/PG-FC26-213,2026-06-10 13:29:48.874801+00,193.237.139.0,,,,,,false
cc8410ef-2b01-4fb5-9448-496dc9614253,PG-FC26-032,page_view,"Mozilla/5.0 (iPhone; CPU iPhone OS 18_7 like Mac OS X) AppleWebKit/605.1.15 (KHTML, like Gecko) Version/26.5 Mobile/15E148 Safari/604.1",https://pinkglow-gin-experience.vercel.app/p/PG-FC26-032,2026-06-10 18:39:14.12089+00,82.132.217.116,,,,,,false
cda81435-9cd9-4fb1-ac79-c181856ea139,PG-FC26-020,page_view,"Mozilla/5.0 (iPhone; CPU iPhone OS 18_7 like Mac OS X) AppleWebKit/605.1.15 (KHTML, like Gecko) Version/26.5 Mobile/15E148 Safari/604.1",https://pinkglow-gin-experience.vercel.app/p/PG-FC26-020,2026-06-08 00:57:17.294363+00,,,,,,,false
ce5f7992-8ed8-4d32-beb9-0f3867884186,PG-FC26-174,page_view,"Mozilla/5.0 (iPhone; CPU iPhone OS 18_7 like Mac OS X) AppleWebKit/605.1.15 (KHTML, like Gecko) Version/26.5 Mobile/15E148 Safari/604.1",https://pinkglow-gin-experience.vercel.app/p/PG-FC26-174,2026-06-06 15:54:42.885248+00,,,,,,,false
cea3e83b-beeb-4df8-9873-28620211b3c4,PG-FC26-075,page_view,"Mozilla/5.0 (iPhone; CPU iPhone OS 18_7 like Mac OS X) AppleWebKit/605.1.15 (KHTML, like Gecko) Version/26.5 Mobile/15E148 Safari/604.1",https://pinkglow-gin-experience-8tjh.vercel.app/p/PG-FC26-075,2026-06-10 10:37:34.254826+00,,,,,,,false
d03e713e-064f-44ee-96ee-7902fd5900bb,PG-FC26-097,page_view,"Mozilla/5.0 (iPhone; CPU iPhone OS 18_7 like Mac OS X) AppleWebKit/605.1.15 (KHTML, like Gecko) Version/26.3 Mobile/15E148 Safari/604.1",https://pinkglow-gin-experience.vercel.app/p/PG-FC26-097,2026-06-12 10:02:44.4966+00,51.52.33.144,,,,,,false
d18b2492-e775-4481-a8d0-1f2e7756c332,PG-FC26-114,page_view,"Mozilla/5.0 (iPhone; CPU iPhone OS 18_7 like Mac OS X) AppleWebKit/605.1.15 (KHTML, like Gecko) Version/26.5 Mobile/15E148 Safari/604.1",https://pinkglow-gin-experience.vercel.app/p/PG-FC26-114,2026-06-06 13:24:27.17034+00,,,,,,,false
d20546c2-f2a1-495f-bb9c-97b2c9af4357,PG-FC26-001,test,,,2026-06-06 11:05:13.848674+00,,,,,,,false
d6c6bbf6-a0e2-4a36-9d57-841165037bf1,PG-FC26-213,page_view,"Mozilla/5.0 (iPhone; CPU iPhone OS 18_7 like Mac OS X) AppleWebKit/605.1.15 (KHTML, like Gecko) Version/26.5 Mobile/15E148 Safari/604.1",https://pinkglow-gin-experience.vercel.app/p/PG-FC26-213,2026-06-10 13:20:14.658876+00,79.26.126.204,,,,,,false
db77c42c-fa5f-4be8-bd3d-1089320a00c1,PG-FC26-213,page_view,"Mozilla/5.0 (iPhone; CPU iPhone OS 18_7 like Mac OS X) AppleWebKit/605.1.15 (KHTML, like Gecko) Version/26.5 Mobile/15E148 Safari/604.1",https://pinkglow-gin-experience.vercel.app/p/PG-FC26-213,2026-06-10 10:58:49.815153+00,,,,,,,false
e131e319-438f-4cc5-80ff-f665269ada45,PG-FC26-213,page_view,"Mozilla/5.0 (iPhone; CPU iPhone OS 18_7 like Mac OS X) AppleWebKit/605.1.15 (KHTML, like Gecko) Version/26.5 Mobile/15E148 Safari/604.1",https://pinkglow-gin-experience.vercel.app/p/PG-FC26-213,2026-06-10 13:27:47.387872+00,193.237.139.0,United Kingdom,Alba / Scotland,Anstruther,56.2194520791015,-2.71132468303457,true
e5e3d403-f60b-4287-9509-9361526b1106,PG-FC26-213,page_view,"Mozilla/5.0 (iPhone; CPU iPhone OS 18_7 like Mac OS X) AppleWebKit/605.1.15 (KHTML, like Gecko) Version/26.5 Mobile/15E148 Safari/604.1",https://pinkglow-gin-experience.vercel.app/p/PG-FC26-213,2026-06-10 18:55:26.322357+00,193.237.139.0,,,,,,false
e6837bd5-a952-4ecd-9028-a67d107fb582,PG-FC26-034,page_view,"Mozilla/5.0 (Linux; Android 10; K) AppleWebKit/537.36 (KHTML, like Gecko) SamsungBrowser/30.0 Chrome/143.0.0.0 Mobile Safari/537.36",https://pinkglow-gin-experience.vercel.app/p/PG-FC26-034,2026-06-09 14:58:43.177131+00,,,,,,,false
e9002a7a-7ea6-4a5c-9538-7e8b10d80da3,PG-FC26-094,page_view,"Mozilla/5.0 (iPhone; CPU iPhone OS 18_7 like Mac OS X) AppleWebKit/605.1.15 (KHTML, like Gecko) Version/18.7.6 Mobile/15E148 Safari/604.1",https://pinkglow-gin-experience.vercel.app/p/PG-FC26-094,2026-06-09 06:52:19.131487+00,,,,,,,false
ef0243e2-d94e-49d7-b544-643cf1a1b97f,PG-FC26-069,page_view,"Mozilla/5.0 (iPhone; CPU iPhone OS 18_7 like Mac OS X) AppleWebKit/605.1.15 (KHTML, like Gecko) Version/26.5 Mobile/15E148 Safari/604.1",https://pinkglow-gin-experience.vercel.app/p/PG-FC26-069,2026-06-07 10:32:36.500635+00,,,,,,,false
f13c270e-e5cf-4a44-b3a0-0503318aab88,PG-FC26-001,page_view,"Mozilla/5.0 (Windows NT 10.0; Win64; x64) AppleWebKit/537.36 (KHTML, like Gecko) Chrome/149.0.0.0 Safari/537.36 Edg/149.0.0.0",http://localhost:3000/p/PG-FC26-001,2026-06-08 21:33:44.493116+00,::1,,,,,,false
f1c41577-a85b-40b3-ac4c-f292b2c4cfdb,PG-FC26-213,page_view,"Mozilla/5.0 (iPhone; CPU iPhone OS 18_7 like Mac OS X) AppleWebKit/605.1.15 (KHTML, like Gecko) Version/26.5 Mobile/15E148 Safari/604.1",https://pinkglow-gin-experience.vercel.app/p/PG-FC26-213,2026-06-10 19:03:24.865856+00,193.237.139.0,,,,,,false
f6a65214-44e4-4f8a-9796-faf39c9477cc,PG-FC26-001,page_view,"Mozilla/5.0 (Windows NT 10.0; Win64; x64) AppleWebKit/537.36 (KHTML, like Gecko) Chrome/149.0.0.0 Safari/537.36 Edg/149.0.0.0",https://pinkglow-gin-experience.vercel.app/p/PG-FC26-001,2026-06-11 07:31:57.516793+00,185.184.195.134,,,,,,false
f75a2b2e-f909-425b-9025-d70eb3093bce,PG-FC26-087,page_view,"Mozilla/5.0 (iPhone; CPU iPhone OS 18_7 like Mac OS X) AppleWebKit/605.1.15 (KHTML, like Gecko) Version/26.5 Mobile/15E148 Safari/604.1",https://pinkglow-gin-experience.vercel.app/p/PG-FC26-087,2026-06-06 22:52:44.960405+00,,,,,,,false
f8edac42-d40e-444c-aac6-a20e6302c0a8,PG-FC26-001,page_view,"Mozilla/5.0 (Windows NT 10.0; Win64; x64) AppleWebKit/537.36 (KHTML, like Gecko) Chrome/149.0.0.0 Safari/537.36 Edg/149.0.0.0",http://localhost:3000/p/PG-FC26-001,2026-06-10 22:23:38.315853+00,::1,United Kingdom,Alba / Scotland,Anstruther,56.2194515634055,-2.71015725276651,true
f9c56f28-4fcb-4eb7-9a87-42ebd4b7960c,PG-FC26-075,page_view,"Mozilla/5.0 (iPhone; CPU iPhone OS 18_7 like Mac OS X) AppleWebKit/605.1.15 (KHTML, like Gecko) Version/26.5 Mobile/15E148 Safari/604.1",https://pinkglow-gin-experience.vercel.app/p/PG-FC26-075,2026-06-08 16:55:13.814163+00,,,,,,,false
fb8af3e8-282a-4dc6-8983-0519e3e2d0bb,PG-FC26-213,page_view,"Mozilla/5.0 (iPhone; CPU iPhone OS 18_7 like Mac OS X) AppleWebKit/605.1.15 (KHTML, like Gecko) Version/26.5 Mobile/15E148 Safari/604.1",https://pinkglow-gin-experience.vercel.app/p/PG-FC26-213,2026-06-10 19:03:27.223133+00,193.237.139.0,United Kingdom,Alba / Scotland,Anstruther,56.2194520791015,-2.71132468303457,true
ff2999b6-1f8e-415b-9d7c-9b71d0d38f57,PG-FC26-047,page_view,"Mozilla/5.0 (iPhone; CPU iPhone OS 18_7 like Mac OS X) AppleWebKit/605.1.15 (KHTML, like Gecko) Version/18.7.5 Mobile/15E148 Safari/604.1",https://pinkglow-gin-experience.vercel.app/p/PG-FC26-047,2026-06-06 11:41:54.755354+00,,,,,,,false
ff2b665f-0e54-403e-8d6c-065085bf6dd7,PG-FC26-001,page_view,"Mozilla/5.0 (Windows NT 10.0; Win64; x64) AppleWebKit/537.36 (KHTML, like Gecko) Chrome/149.0.0.0 Safari/537.36 Edg/149.0.0.0",http://localhost:3000/p/PG-FC26-001,2026-06-11 07:54:30.537205+00,::1,United Kingdom,Alba / Scotland,Anstruther,56.21955281874,-2.71002214334461,true
ffa7f284-ba02-4fe8-a133-0cc4feeb77ec,PG-FC26-213,page_view,"Mozilla/5.0 (iPhone; CPU iPhone OS 18_7 like Mac OS X) AppleWebKit/605.1.15 (KHTML, like Gecko) Version/26.5 Mobile/15E148 Safari/604.1",https://pinkglow-gin-experience.vercel.app/p/PG-FC26-213,2026-06-07 09:23:57.67209+00,,,,,,,false