id,serial,bottle_type,cask_code,bottle_number,total_in_series,event_name,product_name,edition_name,size_ml,qr_url,status,created_at,updated_at
004ad2cd-3770-4b4a-90f7-a898f519bae1,PG-FC26-144,event_miniature,CASK_II,144,250,Fife Chamber 2026,Pinkglow Gin,Fife Chamber 2026 Miniature Edition,100,https://pinkglow-gin-experience.vercel.app/p/PG-FC26-144,unclaimed,2026-05-25 21:20:04.624429+00,2026-05-25 21:20:04.624429+00
00c7bbe1-a924-48a0-9241-6ffda588d080,PG-FC26-026,event_miniature,CASK_I,26,250,Fife Chamber 2026,Pinkglow Gin,Fife Chamber 2026 Miniature Edition,100,https://pinkglow-gin-experience.vercel.app/p/PG-FC26-026,unclaimed,2026-05-25 21:20:04.624429+00,2026-05-25 21:20:04.624429+00
02d08325-593c-4111-be93-b81e5cf192f3,PG-FC26-216,event_miniature,CASK_III,216,250,Fife Chamber 2026,Pinkglow Gin,Fife Chamber 2026 Miniature Edition,100,https://pinkglow-gin-experience.vercel.app/p/PG-FC26-216,unclaimed,2026-05-25 21:20:04.624429+00,2026-05-25 21:20:04.624429+00
03043801-704e-4eb9-bb14-c9ad84360aa0,PG-FC26-196,event_miniature,CASK_III,196,250,Fife Chamber 2026,Pinkglow Gin,Fife Chamber 2026 Miniature Edition,100,https://pinkglow-gin-experience.vercel.app/p/PG-FC26-196,unclaimed,2026-05-25 21:20:04.624429+00,2026-05-25 21:20:04.624429+00
034e0680-e1b6-4b02-b83e-9318f4c7828f,PG-FC26-167,event_miniature,CASK_II,167,250,Fife Chamber 2026,Pinkglow Gin,Fife Chamber 2026 Miniature Edition,100,https://pinkglow-gin-experience.vercel.app/p/PG-FC26-167,unclaimed,2026-05-25 21:20:04.624429+00,2026-05-25 21:20:04.624429+00
03754027-fc16-4b5a-a312-ac4c548d0f7a,PG-FC26-142,event_miniature,CASK_II,142,250,Fife Chamber 2026,Pinkglow Gin,Fife Chamber 2026 Miniature Edition,100,https://pinkglow-gin-experience.vercel.app/p/PG-FC26-142,unclaimed,2026-05-25 21:20:04.624429+00,2026-05-25 21:20:04.624429+00
04b072ed-bebd-4873-994c-2580d9056497,PG-FC26-190,event_miniature,CASK_III,190,250,Fife Chamber 2026,Pinkglow Gin,Fife Chamber 2026 Miniature Edition,100,https://pinkglow-gin-experience.vercel.app/p/PG-FC26-190,claimed,2026-05-25 21:20:04.624429+00,2026-05-25 21:20:04.624429+00
052884eb-0f35-4b0b-9622-c0e81311f614,PG-FC26-013,event_miniature,CASK_I,13,250,Fife Chamber 2026,Pinkglow Gin,Fife Chamber 2026 Miniature Edition,100,https://pinkglow-gin-experience.vercel.app/p/PG-FC26-013,unclaimed,2026-05-25 21:20:04.624429+00,2026-05-25 21:20:04.624429+00
052dbd72-01a0-45f6-bdf7-f232e5424bda,PG-FC26-145,event_miniature,CASK_II,145,250,Fife Chamber 2026,Pinkglow Gin,Fife Chamber 2026 Miniature Edition,100,https://pinkglow-gin-experience.vercel.app/p/PG-FC26-145,unclaimed,2026-05-25 21:20:04.624429+00,2026-05-25 21:20:04.624429+00
05f9c11b-082e-4320-bcc0-f198bb2500ed,PG-FC26-238,event_miniature,CASK_III,238,250,Fife Chamber 2026,Pinkglow Gin,Fife Chamber 2026 Miniature Edition,100,https://pinkglow-gin-experience.vercel.app/p/PG-FC26-238,unclaimed,2026-05-25 21:20:04.624429+00,2026-05-25 21:20:04.624429+00
06fb896c-a528-4e13-815f-052408ffd60e,PG-FC26-001,event_miniature,CASK_I,1,250,Fife Chamber 2026,Pinkglow Gin,Fife Chamber 2026 Miniature Edition,100,https://pinkglow-gin-experience.vercel.app/p/PG-FC26-001,claimed,2026-05-25 21:20:04.624429+00,2026-06-15 08:25:49.575+00
0838afd3-3d5c-4912-baba-2be5d011aba1,PG-FC26-122,event_miniature,CASK_II,122,250,Fife Chamber 2026,Pinkglow Gin,Fife Chamber 2026 Miniature Edition,100,https://pinkglow-gin-experience.vercel.app/p/PG-FC26-122,unclaimed,2026-05-25 21:20:04.624429+00,2026-05-25 21:20:04.624429+00
09750c93-75e5-492e-bdd3-a9ba72d1ac5d,PG-FC26-108,event_miniature,CASK_II,108,250,Fife Chamber 2026,Pinkglow Gin,Fife Chamber 2026 Miniature Edition,100,https://pinkglow-gin-experience.vercel.app/p/PG-FC26-108,unclaimed,2026-05-25 21:20:04.624429+00,2026-05-25 21:20:04.624429+00
0ad5b8e2-8567-4824-b66e-ea016e7d9567,PG-FC26-225,event_miniature,CASK_III,225,250,Fife Chamber 2026,Pinkglow Gin,Fife Chamber 2026 Miniature Edition,100,https://pinkglow-gin-experience.vercel.app/p/PG-FC26-225,unclaimed,2026-05-25 21:20:04.624429+00,2026-05-25 21:20:04.624429+00
0c5ab1af-2eaa-4d9b-afb9-2a0c775bfc0e,PG-FC26-240,event_miniature,CASK_III,240,250,Fife Chamber 2026,Pinkglow Gin,Fife Chamber 2026 Miniature Edition,100,https://pinkglow-gin-experience.vercel.app/p/PG-FC26-240,unclaimed,2026-05-25 21:20:04.624429+00,2026-05-25 21:20:04.624429+00
0e8168ff-6e37-491c-991e-03f1619a45b5,PG-FC26-248,event_miniature,CASK_III,248,250,Fife Chamber 2026,Pinkglow Gin,Fife Chamber 2026 Miniature Edition,100,https://pinkglow-gin-experience.vercel.app/p/PG-FC26-248,unclaimed,2026-05-25 21:20:04.624429+00,2026-05-25 21:20:04.624429+00
0eb96a45-9223-4241-9706-e158aecfc84f,PG-FC26-149,event_miniature,CASK_II,149,250,Fife Chamber 2026,Pinkglow Gin,Fife Chamber 2026 Miniature Edition,100,https://pinkglow-gin-experience.vercel.app/p/PG-FC26-149,unclaimed,2026-05-25 21:20:04.624429+00,2026-05-25 21:20:04.624429+00
0ebc4639-f5cd-4e43-8d07-83d2f783d6cf,PG-FC26-211,event_miniature,CASK_III,211,250,Fife Chamber 2026,Pinkglow Gin,Fife Chamber 2026 Miniature Edition,100,https://pinkglow-gin-experience.vercel.app/p/PG-FC26-211,unclaimed,2026-05-25 21:20:04.624429+00,2026-05-25 21:20:04.624429+00
10c156d2-9931-4790-8995-9f96c106cb2d,PG-FC26-073,event_miniature,CASK_I,73,250,Fife Chamber 2026,Pinkglow Gin,Fife Chamber 2026 Miniature Edition,100,https://pinkglow-gin-experience.vercel.app/p/PG-FC26-073,claimed,2026-05-25 21:20:04.624429+00,2026-05-25 21:20:04.624429+00
128e52f0-da85-4b02-b4a6-2f6ca1f22f65,PG-FC26-037,event_miniature,CASK_I,37,250,Fife Chamber 2026,Pinkglow Gin,Fife Chamber 2026 Miniature Edition,100,https://pinkglow-gin-experience.vercel.app/p/PG-FC26-037,unclaimed,2026-05-25 21:20:04.624429+00,2026-05-25 21:20:04.624429+00
130dcd55-a29a-49e5-972c-200da7bc1764,PG-FC26-050,event_miniature,CASK_I,50,250,Fife Chamber 2026,Pinkglow Gin,Fife Chamber 2026 Miniature Edition,100,https://pinkglow-gin-experience.vercel.app/p/PG-FC26-050,unclaimed,2026-05-25 21:20:04.624429+00,2026-05-25 21:20:04.624429+00
13b099a2-0b49-4927-b0aa-c62dd8fbe99f,PG-FC26-199,event_miniature,CASK_III,199,250,Fife Chamber 2026,Pinkglow Gin,Fife Chamber 2026 Miniature Edition,100,https://pinkglow-gin-experience.vercel.app/p/PG-FC26-199,unclaimed,2026-05-25 21:20:04.624429+00,2026-05-25 21:20:04.624429+00
1407d56f-2c08-407d-84d0-ff5df8ae3a39,PG-FC26-059,event_miniature,CASK_I,59,250,Fife Chamber 2026,Pinkglow Gin,Fife Chamber 2026 Miniature Edition,100,https://pinkglow-gin-experience.vercel.app/p/PG-FC26-059,unclaimed,2026-05-25 21:20:04.624429+00,2026-05-25 21:20:04.624429+00
14fc5c5f-9348-4e42-b629-7d00bfc58a12,PG-FC26-217,event_miniature,CASK_III,217,250,Fife Chamber 2026,Pinkglow Gin,Fife Chamber 2026 Miniature Edition,100,https://pinkglow-gin-experience.vercel.app/p/PG-FC26-217,unclaimed,2026-05-25 21:20:04.624429+00,2026-05-25 21:20:04.624429+00
15eb09b9-f5ec-4c6c-a8c7-076c3961eb67,PG-FC26-062,event_miniature,CASK_I,62,250,Fife Chamber 2026,Pinkglow Gin,Fife Chamber 2026 Miniature Edition,100,https://pinkglow-gin-experience.vercel.app/p/PG-FC26-062,unclaimed,2026-05-25 21:20:04.624429+00,2026-05-25 21:20:04.624429+00
16b36c42-9aae-4063-adf9-b9a5907f0032,PG-FC26-067,event_miniature,CASK_I,67,250,Fife Chamber 2026,Pinkglow Gin,Fife Chamber 2026 Miniature Edition,100,https://pinkglow-gin-experience.vercel.app/p/PG-FC26-067,unclaimed,2026-05-25 21:20:04.624429+00,2026-05-25 21:20:04.624429+00
1785c648-eed8-4df5-8640-1143303a53b1,PG-FC26-129,event_miniature,CASK_II,129,250,Fife Chamber 2026,Pinkglow Gin,Fife Chamber 2026 Miniature Edition,100,https://pinkglow-gin-experience.vercel.app/p/PG-FC26-129,unclaimed,2026-05-25 21:20:04.624429+00,2026-05-25 21:20:04.624429+00
18ab59f1-4169-4a71-9a64-b2ba2c6914aa,PG-FC26-171,event_miniature,CASK_III,171,250,Fife Chamber 2026,Pinkglow Gin,Fife Chamber 2026 Miniature Edition,100,https://pinkglow-gin-experience.vercel.app/p/PG-FC26-171,unclaimed,2026-05-25 21:20:04.624429+00,2026-05-25 21:20:04.624429+00
19176ca4-aca1-4bfe-ac37-ef67b45a9280,PG-FC26-053,event_miniature,CASK_I,53,250,Fife Chamber 2026,Pinkglow Gin,Fife Chamber 2026 Miniature Edition,100,https://pinkglow-gin-experience.vercel.app/p/PG-FC26-053,unclaimed,2026-05-25 21:20:04.624429+00,2026-05-25 21:20:04.624429+00
19ec7a08-33c9-4575-90db-0a44af2e9c4b,PG-FC26-028,event_miniature,CASK_I,28,250,Fife Chamber 2026,Pinkglow Gin,Fife Chamber 2026 Miniature Edition,100,https://pinkglow-gin-experience.vercel.app/p/PG-FC26-028,unclaimed,2026-05-25 21:20:04.624429+00,2026-05-25 21:20:04.624429+00
1a92e8f1-4760-4df6-9067-2f0535760037,PG-FC26-227,event_miniature,CASK_III,227,250,Fife Chamber 2026,Pinkglow Gin,Fife Chamber 2026 Miniature Edition,100,https://pinkglow-gin-experience.vercel.app/p/PG-FC26-227,unclaimed,2026-05-25 21:20:04.624429+00,2026-05-25 21:20:04.624429+00
1ad12374-deee-4d1d-8319-0eea3940c0ca,PG-FC26-189,event_miniature,CASK_III,189,250,Fife Chamber 2026,Pinkglow Gin,Fife Chamber 2026 Miniature Edition,100,https://pinkglow-gin-experience.vercel.app/p/PG-FC26-189,unclaimed,2026-05-25 21:20:04.624429+00,2026-05-25 21:20:04.624429+00
1b2a5091-0adf-4c2c-8731-cfaea51c4c52,PG-FC26-023,event_miniature,CASK_I,23,250,Fife Chamber 2026,Pinkglow Gin,Fife Chamber 2026 Miniature Edition,100,https://pinkglow-gin-experience.vercel.app/p/PG-FC26-023,unclaimed,2026-05-25 21:20:04.624429+00,2026-05-25 21:20:04.624429+00
1f42a23b-4632-4eaa-9c69-54906212ed59,PG-FC26-150,event_miniature,CASK_II,150,250,Fife Chamber 2026,Pinkglow Gin,Fife Chamber 2026 Miniature Edition,100,https://pinkglow-gin-experience.vercel.app/p/PG-FC26-150,unclaimed,2026-05-25 21:20:04.624429+00,2026-05-25 21:20:04.624429+00
1f6d5341-981e-442c-89a1-414730d08519,PG-FC26-035,event_miniature,CASK_I,35,250,Fife Chamber 2026,Pinkglow Gin,Fife Chamber 2026 Miniature Edition,100,https://pinkglow-gin-experience.vercel.app/p/PG-FC26-035,unclaimed,2026-05-25 21:20:04.624429+00,2026-05-25 21:20:04.624429+00
213158b8-39f1-404f-aa9b-8dd2415f6a11,PG-FC26-215,event_miniature,CASK_III,215,250,Fife Chamber 2026,Pinkglow Gin,Fife Chamber 2026 Miniature Edition,100,https://pinkglow-gin-experience.vercel.app/p/PG-FC26-215,unclaimed,2026-05-25 21:20:04.624429+00,2026-05-25 21:20:04.624429+00
21c613e0-0651-493e-a1b9-e1a91182a3ab,PG-FC26-009,event_miniature,CASK_I,9,250,Fife Chamber 2026,Pinkglow Gin,Fife Chamber 2026 Miniature Edition,100,https://pinkglow-gin-experience.vercel.app/p/PG-FC26-009,unclaimed,2026-05-25 21:20:04.624429+00,2026-05-25 21:20:04.624429+00
22a272f1-805d-4786-a011-63b9b4eaf359,PG-FC26-223,event_miniature,CASK_III,223,250,Fife Chamber 2026,Pinkglow Gin,Fife Chamber 2026 Miniature Edition,100,https://pinkglow-gin-experience.vercel.app/p/PG-FC26-223,unclaimed,2026-05-25 21:20:04.624429+00,2026-05-25 21:20:04.624429+00
230cc0c1-6b51-4c68-8fc5-7408baae2c34,PG-FC26-125,event_miniature,CASK_II,125,250,Fife Chamber 2026,Pinkglow Gin,Fife Chamber 2026 Miniature Edition,100,https://pinkglow-gin-experience.vercel.app/p/PG-FC26-125,unclaimed,2026-05-25 21:20:04.624429+00,2026-05-25 21:20:04.624429+00
2396909c-f58a-40e8-9898-194d529bf8e7,PG-FC26-178,event_miniature,CASK_III,178,250,Fife Chamber 2026,Pinkglow Gin,Fife Chamber 2026 Miniature Edition,100,https://pinkglow-gin-experience.vercel.app/p/PG-FC26-178,unclaimed,2026-05-25 21:20:04.624429+00,2026-05-25 21:20:04.624429+00
2401e11c-dbad-40c6-b03f-5fb04ace624e,PG-FC26-177,event_miniature,CASK_III,177,250,Fife Chamber 2026,Pinkglow Gin,Fife Chamber 2026 Miniature Edition,100,https://pinkglow-gin-experience.vercel.app/p/PG-FC26-177,unclaimed,2026-05-25 21:20:04.624429+00,2026-05-25 21:20:04.624429+00
252950bf-00fd-4460-8eeb-bcff3ae9ffbd,PG-FC26-049,event_miniature,CASK_I,49,250,Fife Chamber 2026,Pinkglow Gin,Fife Chamber 2026 Miniature Edition,100,https://pinkglow-gin-experience.vercel.app/p/PG-FC26-049,unclaimed,2026-05-25 21:20:04.624429+00,2026-05-25 21:20:04.624429+00
25be8b1c-921f-413c-a51d-5246d8828c68,PG-FC26-159,event_miniature,CASK_II,159,250,Fife Chamber 2026,Pinkglow Gin,Fife Chamber 2026 Miniature Edition,100,https://pinkglow-gin-experience.vercel.app/p/PG-FC26-159,unclaimed,2026-05-25 21:20:04.624429+00,2026-05-25 21:20:04.624429+00
25d7299b-179f-4c9e-939a-a9ffb4c86f6e,PG-FC26-018,event_miniature,CASK_I,18,250,Fife Chamber 2026,Pinkglow Gin,Fife Chamber 2026 Miniature Edition,100,https://pinkglow-gin-experience.vercel.app/p/PG-FC26-018,unclaimed,2026-05-25 21:20:04.624429+00,2026-05-25 21:20:04.624429+00
26506530-9283-4a8e-aa82-c0c158e122be,PG-FC26-193,event_miniature,CASK_III,193,250,Fife Chamber 2026,Pinkglow Gin,Fife Chamber 2026 Miniature Edition,100,https://pinkglow-gin-experience.vercel.app/p/PG-FC26-193,unclaimed,2026-05-25 21:20:04.624429+00,2026-05-25 21:20:04.624429+00
2782b569-b8f6-45b3-bb81-f22085577715,PG-FC26-076,event_miniature,CASK_I,76,250,Fife Chamber 2026,Pinkglow Gin,Fife Chamber 2026 Miniature Edition,100,https://pinkglow-gin-experience.vercel.app/p/PG-FC26-076,unclaimed,2026-05-25 21:20:04.624429+00,2026-05-25 21:20:04.624429+00
27c8cb1e-0e1c-4d6e-a826-772404fd29fc,PG-FC26-148,event_miniature,CASK_II,148,250,Fife Chamber 2026,Pinkglow Gin,Fife Chamber 2026 Miniature Edition,100,https://pinkglow-gin-experience.vercel.app/p/PG-FC26-148,unclaimed,2026-05-25 21:20:04.624429+00,2026-05-25 21:20:04.624429+00
2830fbab-715c-4793-bcae-511fb37f3e06,PG-FC26-032,event_miniature,CASK_I,32,250,Fife Chamber 2026,Pinkglow Gin,Fife Chamber 2026 Miniature Edition,100,https://pinkglow-gin-experience.vercel.app/p/PG-FC26-032,unclaimed,2026-05-25 21:20:04.624429+00,2026-05-25 21:20:04.624429+00
29672cc3-66bd-43de-b3ea-8de95bae731e,PG-FC26-074,event_miniature,CASK_I,74,250,Fife Chamber 2026,Pinkglow Gin,Fife Chamber 2026 Miniature Edition,100,https://pinkglow-gin-experience.vercel.app/p/PG-FC26-074,unclaimed,2026-05-25 21:20:04.624429+00,2026-05-25 21:20:04.624429+00
2af94884-4487-4149-a2d3-a9509e2d7ee9,PG-FC26-135,event_miniature,CASK_II,135,250,Fife Chamber 2026,Pinkglow Gin,Fife Chamber 2026 Miniature Edition,100,https://pinkglow-gin-experience.vercel.app/p/PG-FC26-135,unclaimed,2026-05-25 21:20:04.624429+00,2026-05-25 21:20:04.624429+00
2b30d727-7605-4277-8116-72169393f54d,PG-FC26-205,event_miniature,CASK_III,205,250,Fife Chamber 2026,Pinkglow Gin,Fife Chamber 2026 Miniature Edition,100,https://pinkglow-gin-experience.vercel.app/p/PG-FC26-205,unclaimed,2026-05-25 21:20:04.624429+00,2026-05-25 21:20:04.624429+00
2b42ec67-6b23-4a98-88e6-0f7c6b22b554,PG-FC26-152,event_miniature,CASK_II,152,250,Fife Chamber 2026,Pinkglow Gin,Fife Chamber 2026 Miniature Edition,100,https://pinkglow-gin-experience.vercel.app/p/PG-FC26-152,unclaimed,2026-05-25 21:20:04.624429+00,2026-05-25 21:20:04.624429+00
2d0eda3f-b1ef-45f1-9b4f-cc1174323532,PG-FC26-244,event_miniature,CASK_III,244,250,Fife Chamber 2026,Pinkglow Gin,Fife Chamber 2026 Miniature Edition,100,https://pinkglow-gin-experience.vercel.app/p/PG-FC26-244,unclaimed,2026-05-25 21:20:04.624429+00,2026-05-25 21:20:04.624429+00
2d3e65ff-25dd-4117-b474-710092e6e579,PG-FC26-229,event_miniature,CASK_III,229,250,Fife Chamber 2026,Pinkglow Gin,Fife Chamber 2026 Miniature Edition,100,https://pinkglow-gin-experience.vercel.app/p/PG-FC26-229,unclaimed,2026-05-25 21:20:04.624429+00,2026-05-25 21:20:04.624429+00
2eb45a62-2b17-4c0e-8e56-bbc4096fbdd7,PG-FC26-160,event_miniature,CASK_II,160,250,Fife Chamber 2026,Pinkglow Gin,Fife Chamber 2026 Miniature Edition,100,https://pinkglow-gin-experience.vercel.app/p/PG-FC26-160,unclaimed,2026-05-25 21:20:04.624429+00,2026-05-25 21:20:04.624429+00
302bd731-cfa7-4b36-afad-2d483bb92ee3,PG-FC26-095,event_miniature,CASK_II,95,250,Fife Chamber 2026,Pinkglow Gin,Fife Chamber 2026 Miniature Edition,100,https://pinkglow-gin-experience.vercel.app/p/PG-FC26-095,unclaimed,2026-05-25 21:20:04.624429+00,2026-05-25 21:20:04.624429+00
384130d2-dc08-4dd0-9894-486b00691090,PG-FC26-166,event_miniature,CASK_II,166,250,Fife Chamber 2026,Pinkglow Gin,Fife Chamber 2026 Miniature Edition,100,https://pinkglow-gin-experience.vercel.app/p/PG-FC26-166,unclaimed,2026-05-25 21:20:04.624429+00,2026-05-25 21:20:04.624429+00
38a28091-e395-4353-96ff-5cab042e0547,PG-FC26-162,event_miniature,CASK_II,162,250,Fife Chamber 2026,Pinkglow Gin,Fife Chamber 2026 Miniature Edition,100,https://pinkglow-gin-experience.vercel.app/p/PG-FC26-162,claimed,2026-05-25 21:20:04.624429+00,2026-05-25 21:20:04.624429+00
3a1de21d-ec5b-4541-a5d3-cd7a301cb05c,PG-FC26-154,event_miniature,CASK_II,154,250,Fife Chamber 2026,Pinkglow Gin,Fife Chamber 2026 Miniature Edition,100,https://pinkglow-gin-experience.vercel.app/p/PG-FC26-154,unclaimed,2026-05-25 21:20:04.624429+00,2026-05-25 21:20:04.624429+00
3a4182e9-ede7-433e-bde3-8307e4466469,PG-FC26-203,event_miniature,CASK_III,203,250,Fife Chamber 2026,Pinkglow Gin,Fife Chamber 2026 Miniature Edition,100,https://pinkglow-gin-experience.vercel.app/p/PG-FC26-203,unclaimed,2026-05-25 21:20:04.624429+00,2026-05-25 21:20:04.624429+00
3a6c5b32-a4f0-45c7-929e-651b161fb522,PG-FC26-090,event_miniature,CASK_II,90,250,Fife Chamber 2026,Pinkglow Gin,Fife Chamber 2026 Miniature Edition,100,https://pinkglow-gin-experience.vercel.app/p/PG-FC26-090,unclaimed,2026-05-25 21:20:04.624429+00,2026-05-25 21:20:04.624429+00
3b0cb0a0-1016-4772-88f9-5b76a2aceaca,PG-FC26-092,event_miniature,CASK_II,92,250,Fife Chamber 2026,Pinkglow Gin,Fife Chamber 2026 Miniature Edition,100,https://pinkglow-gin-experience.vercel.app/p/PG-FC26-092,unclaimed,2026-05-25 21:20:04.624429+00,2026-05-25 21:20:04.624429+00
3b50c910-4349-408a-822a-b9f5ec33ad86,PG-FC26-147,event_miniature,CASK_II,147,250,Fife Chamber 2026,Pinkglow Gin,Fife Chamber 2026 Miniature Edition,100,https://pinkglow-gin-experience.vercel.app/p/PG-FC26-147,unclaimed,2026-05-25 21:20:04.624429+00,2026-05-25 21:20:04.624429+00
3d375f4c-7bd4-447f-884a-5ac78df05638,PG-FC26-179,event_miniature,CASK_III,179,250,Fife Chamber 2026,Pinkglow Gin,Fife Chamber 2026 Miniature Edition,100,https://pinkglow-gin-experience.vercel.app/p/PG-FC26-179,unclaimed,2026-05-25 21:20:04.624429+00,2026-05-25 21:20:04.624429+00
3eb13d53-64d5-4e8b-ad31-f3baeed4dd3c,PG-FC26-010,event_miniature,CASK_I,10,250,Fife Chamber 2026,Pinkglow Gin,Fife Chamber 2026 Miniature Edition,100,https://pinkglow-gin-experience.vercel.app/p/PG-FC26-010,unclaimed,2026-05-25 21:20:04.624429+00,2026-05-25 21:20:04.624429+00
3ed5862b-6c0a-46c7-8052-86166d18aac0,PG-FC26-064,event_miniature,CASK_I,64,250,Fife Chamber 2026,Pinkglow Gin,Fife Chamber 2026 Miniature Edition,100,https://pinkglow-gin-experience.vercel.app/p/PG-FC26-064,unclaimed,2026-05-25 21:20:04.624429+00,2026-05-25 21:20:04.624429+00
3f20b60f-b58a-4c0c-b489-f3b599af5827,PG-FC26-232,event_miniature,CASK_III,232,250,Fife Chamber 2026,Pinkglow Gin,Fife Chamber 2026 Miniature Edition,100,https://pinkglow-gin-experience.vercel.app/p/PG-FC26-232,unclaimed,2026-05-25 21:20:04.624429+00,2026-05-25 21:20:04.624429+00
3f3f2e84-b56f-4f42-a531-813504070d54,PG-FC26-123,event_miniature,CASK_II,123,250,Fife Chamber 2026,Pinkglow Gin,Fife Chamber 2026 Miniature Edition,100,https://pinkglow-gin-experience.vercel.app/p/PG-FC26-123,unclaimed,2026-05-25 21:20:04.624429+00,2026-05-25 21:20:04.624429+00
3fd0ec24-550f-49b6-9ebd-3ba7a85132c8,PG-FC26-183,event_miniature,CASK_III,183,250,Fife Chamber 2026,Pinkglow Gin,Fife Chamber 2026 Miniature Edition,100,https://pinkglow-gin-experience.vercel.app/p/PG-FC26-183,unclaimed,2026-05-25 21:20:04.624429+00,2026-05-25 21:20:04.624429+00
3ff34329-5587-49de-840c-4b7e10708421,PG-FC26-194,event_miniature,CASK_III,194,250,Fife Chamber 2026,Pinkglow Gin,Fife Chamber 2026 Miniature Edition,100,https://pinkglow-gin-experience.vercel.app/p/PG-FC26-194,unclaimed,2026-05-25 21:20:04.624429+00,2026-05-25 21:20:04.624429+00
43501dbc-8ed8-42ae-8d5f-66bce21e158b,PG-FC26-158,event_miniature,CASK_II,158,250,Fife Chamber 2026,Pinkglow Gin,Fife Chamber 2026 Miniature Edition,100,https://pinkglow-gin-experience.vercel.app/p/PG-FC26-158,unclaimed,2026-05-25 21:20:04.624429+00,2026-05-25 21:20:04.624429+00
43a1b945-bf07-4ad0-b523-e0cede9deca3,PG-FC26-191,event_miniature,CASK_III,191,250,Fife Chamber 2026,Pinkglow Gin,Fife Chamber 2026 Miniature Edition,100,https://pinkglow-gin-experience.vercel.app/p/PG-FC26-191,unclaimed,2026-05-25 21:20:04.624429+00,2026-05-25 21:20:04.624429+00
45ec7c69-9ee4-4490-8bd1-7730b29bcddc,PG-FC26-019,event_miniature,CASK_I,19,250,Fife Chamber 2026,Pinkglow Gin,Fife Chamber 2026 Miniature Edition,100,https://pinkglow-gin-experience.vercel.app/p/PG-FC26-019,unclaimed,2026-05-25 21:20:04.624429+00,2026-05-25 21:20:04.624429+00
462dc08d-1fab-4a5a-8c27-0e108a025924,PG-FC26-097,event_miniature,CASK_II,97,250,Fife Chamber 2026,Pinkglow Gin,Fife Chamber 2026 Miniature Edition,100,https://pinkglow-gin-experience.vercel.app/p/PG-FC26-097,unclaimed,2026-05-25 21:20:04.624429+00,2026-05-25 21:20:04.624429+00
471bed3c-5d51-45a3-a1aa-a12035d7c898,PG-FC26-210,event_miniature,CASK_III,210,250,Fife Chamber 2026,Pinkglow Gin,Fife Chamber 2026 Miniature Edition,100,https://pinkglow-gin-experience.vercel.app/p/PG-FC26-210,unclaimed,2026-05-25 21:20:04.624429+00,2026-05-25 21:20:04.624429+00
4b7421ce-d263-4cec-8608-e62299e8f60a,PG-FC26-242,event_miniature,CASK_III,242,250,Fife Chamber 2026,Pinkglow Gin,Fife Chamber 2026 Miniature Edition,100,https://pinkglow-gin-experience.vercel.app/p/PG-FC26-242,unclaimed,2026-05-25 21:20:04.624429+00,2026-05-25 21:20:04.624429+00
4bc7dc1a-f326-4dbf-b402-5e07b38a6eb3,PG-FC26-124,event_miniature,CASK_II,124,250,Fife Chamber 2026,Pinkglow Gin,Fife Chamber 2026 Miniature Edition,100,https://pinkglow-gin-experience.vercel.app/p/PG-FC26-124,unclaimed,2026-05-25 21:20:04.624429+00,2026-05-25 21:20:04.624429+00
4d06d78b-929b-4a7c-85d7-81aae15012d6,PG-FC26-228,event_miniature,CASK_III,228,250,Fife Chamber 2026,Pinkglow Gin,Fife Chamber 2026 Miniature Edition,100,https://pinkglow-gin-experience.vercel.app/p/PG-FC26-228,unclaimed,2026-05-25 21:20:04.624429+00,2026-05-25 21:20:04.624429+00
4d439c37-d0d1-4f22-a76e-eb86dcff64ed,PG-FC26-174,event_miniature,CASK_III,174,250,Fife Chamber 2026,Pinkglow Gin,Fife Chamber 2026 Miniature Edition,100,https://pinkglow-gin-experience.vercel.app/p/PG-FC26-174,unclaimed,2026-05-25 21:20:04.624429+00,2026-05-25 21:20:04.624429+00
4d8f7ddc-4328-44fb-8772-16f324dc843b,PG-FC26-021,event_miniature,CASK_I,21,250,Fife Chamber 2026,Pinkglow Gin,Fife Chamber 2026 Miniature Edition,100,https://pinkglow-gin-experience.vercel.app/p/PG-FC26-021,unclaimed,2026-05-25 21:20:04.624429+00,2026-05-25 21:20:04.624429+00
4d90b7b5-d4b5-4133-9a8a-61b8d482fbee,PG-FC26-170,event_miniature,CASK_III,170,250,Fife Chamber 2026,Pinkglow Gin,Fife Chamber 2026 Miniature Edition,100,https://pinkglow-gin-experience.vercel.app/p/PG-FC26-170,unclaimed,2026-05-25 21:20:04.624429+00,2026-05-25 21:20:04.624429+00
4e776d81-9127-4828-943a-ae00c72358e1,PG-FC26-078,event_miniature,CASK_I,78,250,Fife Chamber 2026,Pinkglow Gin,Fife Chamber 2026 Miniature Edition,100,https://pinkglow-gin-experience.vercel.app/p/PG-FC26-078,unclaimed,2026-05-25 21:20:04.624429+00,2026-05-25 21:20:04.624429+00
500443e9-e879-4500-8f29-b4826761bc76,PG-FC26-113,event_miniature,CASK_II,113,250,Fife Chamber 2026,Pinkglow Gin,Fife Chamber 2026 Miniature Edition,100,https://pinkglow-gin-experience.vercel.app/p/PG-FC26-113,unclaimed,2026-05-25 21:20:04.624429+00,2026-05-25 21:20:04.624429+00
5033c1bb-862d-4d22-86af-9df9de9db6a0,PG-FC26-046,event_miniature,CASK_I,46,250,Fife Chamber 2026,Pinkglow Gin,Fife Chamber 2026 Miniature Edition,100,https://pinkglow-gin-experience.vercel.app/p/PG-FC26-046,unclaimed,2026-05-25 21:20:04.624429+00,2026-05-25 21:20:04.624429+00
50bea61a-8107-4587-8f63-98deb8505e57,PG-FC26-138,event_miniature,CASK_II,138,250,Fife Chamber 2026,Pinkglow Gin,Fife Chamber 2026 Miniature Edition,100,https://pinkglow-gin-experience.vercel.app/p/PG-FC26-138,unclaimed,2026-05-25 21:20:04.624429+00,2026-05-25 21:20:04.624429+00
511f9dbf-5155-4f68-871b-93bdac2b7c0e,PG-FC26-047,event_miniature,CASK_I,47,250,Fife Chamber 2026,Pinkglow Gin,Fife Chamber 2026 Miniature Edition,100,https://pinkglow-gin-experience.vercel.app/p/PG-FC26-047,unclaimed,2026-05-25 21:20:04.624429+00,2026-05-25 21:20:04.624429+00
51c2c9ca-78a8-4629-8e11-5e8d68dfc99a,PG-FC26-080,event_miniature,CASK_I,80,250,Fife Chamber 2026,Pinkglow Gin,Fife Chamber 2026 Miniature Edition,100,https://pinkglow-gin-experience.vercel.app/p/PG-FC26-080,unclaimed,2026-05-25 21:20:04.624429+00,2026-05-25 21:20:04.624429+00
53a896a8-b85a-447e-aeed-f5c69271b573,PG-FC26-027,event_miniature,CASK_I,27,250,Fife Chamber 2026,Pinkglow Gin,Fife Chamber 2026 Miniature Edition,100,https://pinkglow-gin-experience.vercel.app/p/PG-FC26-027,unclaimed,2026-05-25 21:20:04.624429+00,2026-05-25 21:20:04.624429+00
549a8df6-b2cd-4786-98cc-19a1323f75b9,PG-FC26-042,event_miniature,CASK_I,42,250,Fife Chamber 2026,Pinkglow Gin,Fife Chamber 2026 Miniature Edition,100,https://pinkglow-gin-experience.vercel.app/p/PG-FC26-042,unclaimed,2026-05-25 21:20:04.624429+00,2026-05-25 21:20:04.624429+00
54baf368-0a37-4bc9-aa28-90beec8f1563,PG-FC26-110,event_miniature,CASK_II,110,250,Fife Chamber 2026,Pinkglow Gin,Fife Chamber 2026 Miniature Edition,100,https://pinkglow-gin-experience.vercel.app/p/PG-FC26-110,unclaimed,2026-05-25 21:20:04.624429+00,2026-05-25 21:20:04.624429+00
55dc3cfb-986b-4f2d-bca6-832e8a9141e4,PG-FC26-126,event_miniature,CASK_II,126,250,Fife Chamber 2026,Pinkglow Gin,Fife Chamber 2026 Miniature Edition,100,https://pinkglow-gin-experience.vercel.app/p/PG-FC26-126,claimed,2026-05-25 21:20:04.624429+00,2026-05-25 21:20:04.624429+00
58c7bfa9-f80a-4de7-8ff6-bea41431bf5a,PG-FC26-155,event_miniature,CASK_II,155,250,Fife Chamber 2026,Pinkglow Gin,Fife Chamber 2026 Miniature Edition,100,https://pinkglow-gin-experience.vercel.app/p/PG-FC26-155,unclaimed,2026-05-25 21:20:04.624429+00,2026-05-25 21:20:04.624429+00
5b01988d-57c5-49d3-9ef1-34f1775c77fa,PG-FC26-153,event_miniature,CASK_II,153,250,Fife Chamber 2026,Pinkglow Gin,Fife Chamber 2026 Miniature Edition,100,https://pinkglow-gin-experience.vercel.app/p/PG-FC26-153,unclaimed,2026-05-25 21:20:04.624429+00,2026-05-25 21:20:04.624429+00
5b175356-f30f-4ec5-a801-fdb063343f45,PG-FC26-070,event_miniature,CASK_I,70,250,Fife Chamber 2026,Pinkglow Gin,Fife Chamber 2026 Miniature Edition,100,https://pinkglow-gin-experience.vercel.app/p/PG-FC26-070,unclaimed,2026-05-25 21:20:04.624429+00,2026-05-25 21:20:04.624429+00
5b6aac8b-f61e-46d7-8402-912aebb13238,PG-FC26-219,event_miniature,CASK_III,219,250,Fife Chamber 2026,Pinkglow Gin,Fife Chamber 2026 Miniature Edition,100,https://pinkglow-gin-experience.vercel.app/p/PG-FC26-219,unclaimed,2026-05-25 21:20:04.624429+00,2026-05-25 21:20:04.624429+00
5bd56c4a-568c-43b3-921a-6210c769456c,PG-FC26-011,event_miniature,CASK_I,11,250,Fife Chamber 2026,Pinkglow Gin,Fife Chamber 2026 Miniature Edition,100,https://pinkglow-gin-experience.vercel.app/p/PG-FC26-011,unclaimed,2026-05-25 21:20:04.624429+00,2026-05-25 21:20:04.624429+00
5d2dda59-8b42-4fa4-95f6-6dd4ff1bf17c,PG-FC26-101,event_miniature,CASK_II,101,250,Fife Chamber 2026,Pinkglow Gin,Fife Chamber 2026 Miniature Edition,100,https://pinkglow-gin-experience.vercel.app/p/PG-FC26-101,unclaimed,2026-05-25 21:20:04.624429+00,2026-05-25 21:20:04.624429+00
62efb97e-8570-41f9-846e-a00a50251913,PG-FC26-140,event_miniature,CASK_II,140,250,Fife Chamber 2026,Pinkglow Gin,Fife Chamber 2026 Miniature Edition,100,https://pinkglow-gin-experience.vercel.app/p/PG-FC26-140,unclaimed,2026-05-25 21:20:04.624429+00,2026-05-25 21:20:04.624429+00
64821910-b878-486a-bb61-9eca01a6f552,PG-FC26-051,event_miniature,CASK_I,51,250,Fife Chamber 2026,Pinkglow Gin,Fife Chamber 2026 Miniature Edition,100,https://pinkglow-gin-experience.vercel.app/p/PG-FC26-051,claimed,2026-05-25 21:20:04.624429+00,2026-05-25 21:20:04.624429+00
64bcfb2b-56a6-44ac-bb41-44f320837e23,PG-FC26-134,event_miniature,CASK_II,134,250,Fife Chamber 2026,Pinkglow Gin,Fife Chamber 2026 Miniature Edition,100,https://pinkglow-gin-experience.vercel.app/p/PG-FC26-134,unclaimed,2026-05-25 21:20:04.624429+00,2026-05-25 21:20:04.624429+00
659752c2-5dcb-4a7e-bc5e-953bc9668d5e,PG-FC26-008,event_miniature,CASK_I,8,250,Fife Chamber 2026,Pinkglow Gin,Fife Chamber 2026 Miniature Edition,100,https://pinkglow-gin-experience.vercel.app/p/PG-FC26-008,unclaimed,2026-05-25 21:20:04.624429+00,2026-05-25 21:20:04.624429+00
678121c5-b589-433d-a581-2f02f398a0c2,PG-FC26-039,event_miniature,CASK_I,39,250,Fife Chamber 2026,Pinkglow Gin,Fife Chamber 2026 Miniature Edition,100,https://pinkglow-gin-experience.vercel.app/p/PG-FC26-039,unclaimed,2026-05-25 21:20:04.624429+00,2026-05-25 21:20:04.624429+00
6cc32451-825e-4fe1-b0b8-1520ae2b09c1,PG-FC26-112,event_miniature,CASK_II,112,250,Fife Chamber 2026,Pinkglow Gin,Fife Chamber 2026 Miniature Edition,100,https://pinkglow-gin-experience.vercel.app/p/PG-FC26-112,unclaimed,2026-05-25 21:20:04.624429+00,2026-05-25 21:20:04.624429+00
6ce10859-a8b5-45ee-acd6-72d596674ee7,PG-FC26-103,event_miniature,CASK_II,103,250,Fife Chamber 2026,Pinkglow Gin,Fife Chamber 2026 Miniature Edition,100,https://pinkglow-gin-experience.vercel.app/p/PG-FC26-103,unclaimed,2026-05-25 21:20:04.624429+00,2026-05-25 21:20:04.624429+00
6e33b8a6-dd91-4582-bcab-d57d08a99c00,PG-FC26-119,event_miniature,CASK_II,119,250,Fife Chamber 2026,Pinkglow Gin,Fife Chamber 2026 Miniature Edition,100,https://pinkglow-gin-experience.vercel.app/p/PG-FC26-119,unclaimed,2026-05-25 21:20:04.624429+00,2026-05-25 21:20:04.624429+00
6e69bf8c-3e1e-48c5-8842-be762d40c79f,PG-FC26-249,event_miniature,CASK_III,249,250,Fife Chamber 2026,Pinkglow Gin,Fife Chamber 2026 Miniature Edition,100,https://pinkglow-gin-experience.vercel.app/p/PG-FC26-249,unclaimed,2026-05-25 21:20:04.624429+00,2026-05-25 21:20:04.624429+00
6f61527f-7458-45d9-a9e9-9feffc632fe0,PG-FC26-056,event_miniature,CASK_I,56,250,Fife Chamber 2026,Pinkglow Gin,Fife Chamber 2026 Miniature Edition,100,https://pinkglow-gin-experience.vercel.app/p/PG-FC26-056,unclaimed,2026-05-25 21:20:04.624429+00,2026-05-25 21:20:04.624429+00
711520c3-df19-459e-b551-c58aeb9c648f,PG-FC26-071,event_miniature,CASK_I,71,250,Fife Chamber 2026,Pinkglow Gin,Fife Chamber 2026 Miniature Edition,100,https://pinkglow-gin-experience.vercel.app/p/PG-FC26-071,unclaimed,2026-05-25 21:20:04.624429+00,2026-05-25 21:20:04.624429+00
717d1168-a08a-4465-a0b4-ad33b6c394ce,PG-FC26-164,event_miniature,CASK_II,164,250,Fife Chamber 2026,Pinkglow Gin,Fife Chamber 2026 Miniature Edition,100,https://pinkglow-gin-experience.vercel.app/p/PG-FC26-164,unclaimed,2026-05-25 21:20:04.624429+00,2026-05-25 21:20:04.624429+00
71eaaa52-baf8-42ff-8edd-ddfc4be7e61f,PG-FC26-175,event_miniature,CASK_III,175,250,Fife Chamber 2026,Pinkglow Gin,Fife Chamber 2026 Miniature Edition,100,https://pinkglow-gin-experience.vercel.app/p/PG-FC26-175,unclaimed,2026-05-25 21:20:04.624429+00,2026-05-25 21:20:04.624429+00
7212c889-2520-44bc-bbb9-69b30b767e4f,PG-FC26-015,event_miniature,CASK_I,15,250,Fife Chamber 2026,Pinkglow Gin,Fife Chamber 2026 Miniature Edition,100,https://pinkglow-gin-experience.vercel.app/p/PG-FC26-015,unclaimed,2026-05-25 21:20:04.624429+00,2026-05-25 21:20:04.624429+00
721b341a-c93a-4896-922c-5492eed1aaf3,PG-FC26-061,event_miniature,CASK_I,61,250,Fife Chamber 2026,Pinkglow Gin,Fife Chamber 2026 Miniature Edition,100,https://pinkglow-gin-experience.vercel.app/p/PG-FC26-061,unclaimed,2026-05-25 21:20:04.624429+00,2026-05-25 21:20:04.624429+00
725bd028-1b68-4f30-873d-504924b31756,PG-FC26-245,event_miniature,CASK_III,245,250,Fife Chamber 2026,Pinkglow Gin,Fife Chamber 2026 Miniature Edition,100,https://pinkglow-gin-experience.vercel.app/p/PG-FC26-245,unclaimed,2026-05-25 21:20:04.624429+00,2026-05-25 21:20:04.624429+00
760f163b-1501-4ed3-b2fc-5d65ed799681,PG-FC26-065,event_miniature,CASK_I,65,250,Fife Chamber 2026,Pinkglow Gin,Fife Chamber 2026 Miniature Edition,100,https://pinkglow-gin-experience.vercel.app/p/PG-FC26-065,unclaimed,2026-05-25 21:20:04.624429+00,2026-05-25 21:20:04.624429+00
767eeee7-17a7-47dc-a906-f9a62477c5b6,PG-FC26-091,event_miniature,CASK_II,91,250,Fife Chamber 2026,Pinkglow Gin,Fife Chamber 2026 Miniature Edition,100,https://pinkglow-gin-experience.vercel.app/p/PG-FC26-091,unclaimed,2026-05-25 21:20:04.624429+00,2026-05-25 21:20:04.624429+00
76b8e6be-cc65-4580-b500-e55ae4d6e600,PG-FC26-038,event_miniature,CASK_I,38,250,Fife Chamber 2026,Pinkglow Gin,Fife Chamber 2026 Miniature Edition,100,https://pinkglow-gin-experience.vercel.app/p/PG-FC26-038,unclaimed,2026-05-25 21:20:04.624429+00,2026-05-25 21:20:04.624429+00
77b06479-a273-40bb-99fa-e22dc9336d56,PG-FC26-163,event_miniature,CASK_II,163,250,Fife Chamber 2026,Pinkglow Gin,Fife Chamber 2026 Miniature Edition,100,https://pinkglow-gin-experience.vercel.app/p/PG-FC26-163,unclaimed,2026-05-25 21:20:04.624429+00,2026-05-25 21:20:04.624429+00
784a9c14-7efe-4d02-939a-269c72dcd29d,PG-FC26-069,event_miniature,CASK_I,69,250,Fife Chamber 2026,Pinkglow Gin,Fife Chamber 2026 Miniature Edition,100,https://pinkglow-gin-experience.vercel.app/p/PG-FC26-069,unclaimed,2026-05-25 21:20:04.624429+00,2026-05-25 21:20:04.624429+00
789e7b00-cbc9-4c12-99c7-ab7a4f76e982,PG-FC26-087,event_miniature,CASK_II,87,250,Fife Chamber 2026,Pinkglow Gin,Fife Chamber 2026 Miniature Edition,100,https://pinkglow-gin-experience.vercel.app/p/PG-FC26-087,claimed,2026-05-25 21:20:04.624429+00,2026-05-25 21:20:04.624429+00
7c630802-cffb-45da-9e33-d6861fc62f0a,PG-FC26-043,event_miniature,CASK_I,43,250,Fife Chamber 2026,Pinkglow Gin,Fife Chamber 2026 Miniature Edition,100,https://pinkglow-gin-experience.vercel.app/p/PG-FC26-043,unclaimed,2026-05-25 21:20:04.624429+00,2026-05-25 21:20:04.624429+00
7c806565-620a-42fc-a584-9ea618aae72a,PG-FC26-060,event_miniature,CASK_I,60,250,Fife Chamber 2026,Pinkglow Gin,Fife Chamber 2026 Miniature Edition,100,https://pinkglow-gin-experience.vercel.app/p/PG-FC26-060,unclaimed,2026-05-25 21:20:04.624429+00,2026-05-25 21:20:04.624429+00
810392ff-2ef3-4a68-a4a3-3f597866ab81,PG-FC26-121,event_miniature,CASK_II,121,250,Fife Chamber 2026,Pinkglow Gin,Fife Chamber 2026 Miniature Edition,100,https://pinkglow-gin-experience.vercel.app/p/PG-FC26-121,unclaimed,2026-05-25 21:20:04.624429+00,2026-05-25 21:20:04.624429+00
8254ccd7-6bbc-404a-9e92-71e2fd5bb393,PG-FC26-086,event_miniature,CASK_II,86,250,Fife Chamber 2026,Pinkglow Gin,Fife Chamber 2026 Miniature Edition,100,https://pinkglow-gin-experience.vercel.app/p/PG-FC26-086,unclaimed,2026-05-25 21:20:04.624429+00,2026-05-25 21:20:04.624429+00
83a3e273-c4d4-491b-ae7b-4a58b876fbaf,PG-FC26-093,event_miniature,CASK_II,93,250,Fife Chamber 2026,Pinkglow Gin,Fife Chamber 2026 Miniature Edition,100,https://pinkglow-gin-experience.vercel.app/p/PG-FC26-093,unclaimed,2026-05-25 21:20:04.624429+00,2026-05-25 21:20:04.624429+00
851bb32a-fbf6-48d4-8333-c7906b3ce7b0,PG-FC26-096,event_miniature,CASK_II,96,250,Fife Chamber 2026,Pinkglow Gin,Fife Chamber 2026 Miniature Edition,100,https://pinkglow-gin-experience.vercel.app/p/PG-FC26-096,unclaimed,2026-05-25 21:20:04.624429+00,2026-05-25 21:20:04.624429+00
8530038d-fa3f-402c-b0e1-63cbbbde8021,PG-FC26-161,event_miniature,CASK_II,161,250,Fife Chamber 2026,Pinkglow Gin,Fife Chamber 2026 Miniature Edition,100,https://pinkglow-gin-experience.vercel.app/p/PG-FC26-161,unclaimed,2026-05-25 21:20:04.624429+00,2026-05-25 21:20:04.624429+00
86420ffb-905c-4ab6-8074-b264fc5078ec,PG-FC26-168,event_miniature,CASK_III,168,250,Fife Chamber 2026,Pinkglow Gin,Fife Chamber 2026 Miniature Edition,100,https://pinkglow-gin-experience.vercel.app/p/PG-FC26-168,unclaimed,2026-05-25 21:20:04.624429+00,2026-05-25 21:20:04.624429+00
86bba242-725f-4a4b-a396-780c750bded3,PG-FC26-036,event_miniature,CASK_I,36,250,Fife Chamber 2026,Pinkglow Gin,Fife Chamber 2026 Miniature Edition,100,https://pinkglow-gin-experience.vercel.app/p/PG-FC26-036,unclaimed,2026-05-25 21:20:04.624429+00,2026-05-25 21:20:04.624429+00
8b27d0b9-f34a-434a-bf1d-473063843547,PG-FC26-057,event_miniature,CASK_I,57,250,Fife Chamber 2026,Pinkglow Gin,Fife Chamber 2026 Miniature Edition,100,https://pinkglow-gin-experience.vercel.app/p/PG-FC26-057,unclaimed,2026-05-25 21:20:04.624429+00,2026-05-25 21:20:04.624429+00
8bb6eca7-f945-4680-a2a2-f262e2b8f524,PG-FC26-139,event_miniature,CASK_II,139,250,Fife Chamber 2026,Pinkglow Gin,Fife Chamber 2026 Miniature Edition,100,https://pinkglow-gin-experience.vercel.app/p/PG-FC26-139,unclaimed,2026-05-25 21:20:04.624429+00,2026-05-25 21:20:04.624429+00
8f3e4a92-a4bc-4750-9222-b1ca3e38ec0f,PG-FC26-218,event_miniature,CASK_III,218,250,Fife Chamber 2026,Pinkglow Gin,Fife Chamber 2026 Miniature Edition,100,https://pinkglow-gin-experience.vercel.app/p/PG-FC26-218,unclaimed,2026-05-25 21:20:04.624429+00,2026-05-25 21:20:04.624429+00
90874fe6-2ecf-4de6-931b-65a306d33fd1,PG-FC26-081,event_miniature,CASK_I,81,250,Fife Chamber 2026,Pinkglow Gin,Fife Chamber 2026 Miniature Edition,100,https://pinkglow-gin-experience.vercel.app/p/PG-FC26-081,unclaimed,2026-05-25 21:20:04.624429+00,2026-05-25 21:20:04.624429+00
9246e816-6cf7-4711-9346-a8ae7e7dfdba,PG-FC26-195,event_miniature,CASK_III,195,250,Fife Chamber 2026,Pinkglow Gin,Fife Chamber 2026 Miniature Edition,100,https://pinkglow-gin-experience.vercel.app/p/PG-FC26-195,unclaimed,2026-05-25 21:20:04.624429+00,2026-05-25 21:20:04.624429+00
9508f4b0-db1a-45ef-8da9-c6841c853e43,PG-FC26-141,event_miniature,CASK_II,141,250,Fife Chamber 2026,Pinkglow Gin,Fife Chamber 2026 Miniature Edition,100,https://pinkglow-gin-experience.vercel.app/p/PG-FC26-141,unclaimed,2026-05-25 21:20:04.624429+00,2026-05-25 21:20:04.624429+00
9910dab7-cc6f-4667-a97a-8efd9717705e,PG-FC26-044,event_miniature,CASK_I,44,250,Fife Chamber 2026,Pinkglow Gin,Fife Chamber 2026 Miniature Edition,100,https://pinkglow-gin-experience.vercel.app/p/PG-FC26-044,unclaimed,2026-05-25 21:20:04.624429+00,2026-05-25 21:20:04.624429+00
995d4db4-dc0b-4342-adb4-d793ea3f7089,PG-FC26-156,event_miniature,CASK_II,156,250,Fife Chamber 2026,Pinkglow Gin,Fife Chamber 2026 Miniature Edition,100,https://pinkglow-gin-experience.vercel.app/p/PG-FC26-156,unclaimed,2026-05-25 21:20:04.624429+00,2026-05-25 21:20:04.624429+00
9a5baf1b-9255-4399-9670-7cdc3c8abebf,PG-FC26-106,event_miniature,CASK_II,106,250,Fife Chamber 2026,Pinkglow Gin,Fife Chamber 2026 Miniature Edition,100,https://pinkglow-gin-experience.vercel.app/p/PG-FC26-106,unclaimed,2026-05-25 21:20:04.624429+00,2026-05-25 21:20:04.624429+00
9cc7807f-ed29-4631-a749-e194b790c9f4,PG-FC26-022,event_miniature,CASK_I,22,250,Fife Chamber 2026,Pinkglow Gin,Fife Chamber 2026 Miniature Edition,100,https://pinkglow-gin-experience.vercel.app/p/PG-FC26-022,unclaimed,2026-05-25 21:20:04.624429+00,2026-05-25 21:20:04.624429+00
9d79daec-4979-4f02-8055-c22730968242,PG-FC26-031,event_miniature,CASK_I,31,250,Fife Chamber 2026,Pinkglow Gin,Fife Chamber 2026 Miniature Edition,100,https://pinkglow-gin-experience.vercel.app/p/PG-FC26-031,unclaimed,2026-05-25 21:20:04.624429+00,2026-05-25 21:20:04.624429+00
9e3472fb-b3e7-4e2e-ab2e-bcedc63d4d2f,PG-FC26-111,event_miniature,CASK_II,111,250,Fife Chamber 2026,Pinkglow Gin,Fife Chamber 2026 Miniature Edition,100,https://pinkglow-gin-experience.vercel.app/p/PG-FC26-111,unclaimed,2026-05-25 21:20:04.624429+00,2026-05-25 21:20:04.624429+00
a0f44d22-d7eb-42c5-9867-e3305d266148,PG-FC26-136,event_miniature,CASK_II,136,250,Fife Chamber 2026,Pinkglow Gin,Fife Chamber 2026 Miniature Edition,100,https://pinkglow-gin-experience.vercel.app/p/PG-FC26-136,unclaimed,2026-05-25 21:20:04.624429+00,2026-05-25 21:20:04.624429+00
a12544c2-13a1-45f8-8528-9fb4e7deaa5d,PG-FC26-114,event_miniature,CASK_II,114,250,Fife Chamber 2026,Pinkglow Gin,Fife Chamber 2026 Miniature Edition,100,https://pinkglow-gin-experience.vercel.app/p/PG-FC26-114,claimed,2026-05-25 21:20:04.624429+00,2026-05-25 21:20:04.624429+00
a1c9578c-8f62-435d-9456-1cf616460fdd,PG-FC26-014,event_miniature,CASK_I,14,250,Fife Chamber 2026,Pinkglow Gin,Fife Chamber 2026 Miniature Edition,100,https://pinkglow-gin-experience.vercel.app/p/PG-FC26-014,unclaimed,2026-05-25 21:20:04.624429+00,2026-05-25 21:20:04.624429+00
a2b33c07-9c87-45ee-9147-1e670930be9c,PG-FC26-201,event_miniature,CASK_III,201,250,Fife Chamber 2026,Pinkglow Gin,Fife Chamber 2026 Miniature Edition,100,https://pinkglow-gin-experience.vercel.app/p/PG-FC26-201,unclaimed,2026-05-25 21:20:04.624429+00,2026-05-25 21:20:04.624429+00
a2b8a353-8682-411d-9d3f-e86614a8e4d5,PG-FC26-192,event_miniature,CASK_III,192,250,Fife Chamber 2026,Pinkglow Gin,Fife Chamber 2026 Miniature Edition,100,https://pinkglow-gin-experience.vercel.app/p/PG-FC26-192,unclaimed,2026-05-25 21:20:04.624429+00,2026-05-25 21:20:04.624429+00
a30033c9-2afe-41d3-a952-6be097f7b896,PG-FC26-082,event_miniature,CASK_I,82,250,Fife Chamber 2026,Pinkglow Gin,Fife Chamber 2026 Miniature Edition,100,https://pinkglow-gin-experience.vercel.app/p/PG-FC26-082,unclaimed,2026-05-25 21:20:04.624429+00,2026-05-25 21:20:04.624429+00
a4934403-b3fe-491d-84f3-52aff0be6c5a,PG-FC26-151,event_miniature,CASK_II,151,250,Fife Chamber 2026,Pinkglow Gin,Fife Chamber 2026 Miniature Edition,100,https://pinkglow-gin-experience.vercel.app/p/PG-FC26-151,unclaimed,2026-05-25 21:20:04.624429+00,2026-05-25 21:20:04.624429+00
a5df9a51-cd10-420c-98df-00a34d8fc86c,PG-FC26-016,event_miniature,CASK_I,16,250,Fife Chamber 2026,Pinkglow Gin,Fife Chamber 2026 Miniature Edition,100,https://pinkglow-gin-experience.vercel.app/p/PG-FC26-016,unclaimed,2026-05-25 21:20:04.624429+00,2026-05-25 21:20:04.624429+00
a6c4d70a-dc9b-4794-9417-5b644436055b,PG-FC26-083,event_miniature,CASK_I,83,250,Fife Chamber 2026,Pinkglow Gin,Fife Chamber 2026 Miniature Edition,100,https://pinkglow-gin-experience.vercel.app/p/PG-FC26-083,unclaimed,2026-05-25 21:20:04.624429+00,2026-05-25 21:20:04.624429+00
a77ece32-11dd-43a8-9f5d-d8a167ddb335,PG-FC26-234,event_miniature,CASK_III,234,250,Fife Chamber 2026,Pinkglow Gin,Fife Chamber 2026 Miniature Edition,100,https://pinkglow-gin-experience.vercel.app/p/PG-FC26-234,unclaimed,2026-05-25 21:20:04.624429+00,2026-05-25 21:20:04.624429+00
a83e08b2-038d-4697-9de5-e56235a04d36,PG-FC26-250,event_miniature,CASK_III,250,250,Fife Chamber 2026,Pinkglow Gin,Fife Chamber 2026 Miniature Edition,100,https://pinkglow-gin-experience.vercel.app/p/PG-FC26-250,unclaimed,2026-05-25 21:20:04.624429+00,2026-05-25 21:20:04.624429+00
a8ca401d-ea08-4afa-94f2-64f6df79051e,PG-FC26-181,event_miniature,CASK_III,181,250,Fife Chamber 2026,Pinkglow Gin,Fife Chamber 2026 Miniature Edition,100,https://pinkglow-gin-experience.vercel.app/p/PG-FC26-181,unclaimed,2026-05-25 21:20:04.624429+00,2026-05-25 21:20:04.624429+00
a90edd93-2290-4f0b-a7a4-4e07cc78af48,PG-FC26-102,event_miniature,CASK_II,102,250,Fife Chamber 2026,Pinkglow Gin,Fife Chamber 2026 Miniature Edition,100,https://pinkglow-gin-experience.vercel.app/p/PG-FC26-102,unclaimed,2026-05-25 21:20:04.624429+00,2026-05-25 21:20:04.624429+00
ab53f51c-521e-4d70-9f2c-415f310a2482,PG-FC26-004,event_miniature,CASK_I,4,250,Fife Chamber 2026,Pinkglow Gin,Fife Chamber 2026 Miniature Edition,100,https://pinkglow-gin-experience.vercel.app/p/PG-FC26-004,unclaimed,2026-05-25 21:20:04.624429+00,2026-05-25 21:20:04.624429+00
ab8d749e-9a0b-487e-b036-bff9ece9f7be,PG-FC26-224,event_miniature,CASK_III,224,250,Fife Chamber 2026,Pinkglow Gin,Fife Chamber 2026 Miniature Edition,100,https://pinkglow-gin-experience.vercel.app/p/PG-FC26-224,unclaimed,2026-05-25 21:20:04.624429+00,2026-05-25 21:20:04.624429+00
abc80356-0180-4f6d-bb73-c12a21876e8a,PG-FC26-226,event_miniature,CASK_III,226,250,Fife Chamber 2026,Pinkglow Gin,Fife Chamber 2026 Miniature Edition,100,https://pinkglow-gin-experience.vercel.app/p/PG-FC26-226,unclaimed,2026-05-25 21:20:04.624429+00,2026-05-25 21:20:04.624429+00
ac9048cb-f79c-4e1b-a9fc-99354afe5c27,PG-FC26-054,event_miniature,CASK_I,54,250,Fife Chamber 2026,Pinkglow Gin,Fife Chamber 2026 Miniature Edition,100,https://pinkglow-gin-experience.vercel.app/p/PG-FC26-054,unclaimed,2026-05-25 21:20:04.624429+00,2026-05-25 21:20:04.624429+00
ada73c8f-817b-431a-bc56-d383c86ec98b,PG-FC26-118,event_miniature,CASK_II,118,250,Fife Chamber 2026,Pinkglow Gin,Fife Chamber 2026 Miniature Edition,100,https://pinkglow-gin-experience.vercel.app/p/PG-FC26-118,unclaimed,2026-05-25 21:20:04.624429+00,2026-05-25 21:20:04.624429+00
ae65d38e-ed99-4078-bbfd-1b2c16fef0b3,PG-FC26-063,event_miniature,CASK_I,63,250,Fife Chamber 2026,Pinkglow Gin,Fife Chamber 2026 Miniature Edition,100,https://pinkglow-gin-experience.vercel.app/p/PG-FC26-063,unclaimed,2026-05-25 21:20:04.624429+00,2026-05-25 21:20:04.624429+00
af6c44d8-ee5c-4b72-9233-93cef73ea113,PG-FC26-079,event_miniature,CASK_I,79,250,Fife Chamber 2026,Pinkglow Gin,Fife Chamber 2026 Miniature Edition,100,https://pinkglow-gin-experience.vercel.app/p/PG-FC26-079,unclaimed,2026-05-25 21:20:04.624429+00,2026-05-25 21:20:04.624429+00
b0a68731-b731-4162-b2c1-645dd504e290,PG-FC26-033,event_miniature,CASK_I,33,250,Fife Chamber 2026,Pinkglow Gin,Fife Chamber 2026 Miniature Edition,100,https://pinkglow-gin-experience.vercel.app/p/PG-FC26-033,unclaimed,2026-05-25 21:20:04.624429+00,2026-05-25 21:20:04.624429+00
b3042b5c-f4ce-4bc6-8dc7-1241d1bacc02,PG-FC26-187,event_miniature,CASK_III,187,250,Fife Chamber 2026,Pinkglow Gin,Fife Chamber 2026 Miniature Edition,100,https://pinkglow-gin-experience.vercel.app/p/PG-FC26-187,unclaimed,2026-05-25 21:20:04.624429+00,2026-05-25 21:20:04.624429+00
b3cdabb7-68f3-46c7-80b7-ad8d4bcc6280,PG-FC26-169,event_miniature,CASK_III,169,250,Fife Chamber 2026,Pinkglow Gin,Fife Chamber 2026 Miniature Edition,100,https://pinkglow-gin-experience.vercel.app/p/PG-FC26-169,unclaimed,2026-05-25 21:20:04.624429+00,2026-05-25 21:20:04.624429+00
b3ed4010-52cb-4164-a167-509afd5d161c,PG-FC26-200,event_miniature,CASK_III,200,250,Fife Chamber 2026,Pinkglow Gin,Fife Chamber 2026 Miniature Edition,100,https://pinkglow-gin-experience.vercel.app/p/PG-FC26-200,unclaimed,2026-05-25 21:20:04.624429+00,2026-05-25 21:20:04.624429+00
b48205af-d848-4fd7-a078-d133a93f9615,PG-FC26-099,event_miniature,CASK_II,99,250,Fife Chamber 2026,Pinkglow Gin,Fife Chamber 2026 Miniature Edition,100,https://pinkglow-gin-experience.vercel.app/p/PG-FC26-099,claimed,2026-05-25 21:20:04.624429+00,2026-05-25 21:20:04.624429+00
b4daa203-145f-42b0-9377-35741bcd728e,PG-FC26-084,event_miniature,CASK_I,84,250,Fife Chamber 2026,Pinkglow Gin,Fife Chamber 2026 Miniature Edition,100,https://pinkglow-gin-experience.vercel.app/p/PG-FC26-084,unclaimed,2026-05-25 21:20:04.624429+00,2026-05-25 21:20:04.624429+00
b59861d2-d49d-41bb-b414-71062bd841a8,PG-FC26-094,event_miniature,CASK_II,94,250,Fife Chamber 2026,Pinkglow Gin,Fife Chamber 2026 Miniature Edition,100,https://pinkglow-gin-experience.vercel.app/p/PG-FC26-094,unclaimed,2026-05-25 21:20:04.624429+00,2026-05-25 21:20:04.624429+00
b61baf35-9657-423c-8eca-b575a04983f3,PG-FC26-024,event_miniature,CASK_I,24,250,Fife Chamber 2026,Pinkglow Gin,Fife Chamber 2026 Miniature Edition,100,https://pinkglow-gin-experience.vercel.app/p/PG-FC26-024,unclaimed,2026-05-25 21:20:04.624429+00,2026-05-25 21:20:04.624429+00
b8916b46-9781-4105-b527-e6bd43fa01d0,PG-FC26-020,event_miniature,CASK_I,20,250,Fife Chamber 2026,Pinkglow Gin,Fife Chamber 2026 Miniature Edition,100,https://pinkglow-gin-experience.vercel.app/p/PG-FC26-020,unclaimed,2026-05-25 21:20:04.624429+00,2026-05-25 21:20:04.624429+00
b962c740-5cb4-4008-b535-a1e3b0c3598c,PG-FC26-048,event_miniature,CASK_I,48,250,Fife Chamber 2026,Pinkglow Gin,Fife Chamber 2026 Miniature Edition,100,https://pinkglow-gin-experience.vercel.app/p/PG-FC26-048,unclaimed,2026-05-25 21:20:04.624429+00,2026-05-25 21:20:04.624429+00
b978c1b3-de8c-4fc5-a028-5668996815cf,PG-FC26-045,event_miniature,CASK_I,45,250,Fife Chamber 2026,Pinkglow Gin,Fife Chamber 2026 Miniature Edition,100,https://pinkglow-gin-experience.vercel.app/p/PG-FC26-045,unclaimed,2026-05-25 21:20:04.624429+00,2026-05-25 21:20:04.624429+00
b9dca6aa-3b1a-472f-a7a4-4c51bea9e160,PG-FC26-241,event_miniature,CASK_III,241,250,Fife Chamber 2026,Pinkglow Gin,Fife Chamber 2026 Miniature Edition,100,https://pinkglow-gin-experience.vercel.app/p/PG-FC26-241,unclaimed,2026-05-25 21:20:04.624429+00,2026-05-25 21:20:04.624429+00
bc3794ed-1d63-41a6-8b41-f594c70c2981,PG-FC26-209,event_miniature,CASK_III,209,250,Fife Chamber 2026,Pinkglow Gin,Fife Chamber 2026 Miniature Edition,100,https://pinkglow-gin-experience.vercel.app/p/PG-FC26-209,unclaimed,2026-05-25 21:20:04.624429+00,2026-05-25 21:20:04.624429+00
bc413628-0a4e-4c42-899f-8f475cdba91f,PG-FC26-077,event_miniature,CASK_I,77,250,Fife Chamber 2026,Pinkglow Gin,Fife Chamber 2026 Miniature Edition,100,https://pinkglow-gin-experience.vercel.app/p/PG-FC26-077,unclaimed,2026-05-25 21:20:04.624429+00,2026-05-25 21:20:04.624429+00
bc432a56-c5ce-486b-ad8c-09822322fb8e,PG-FC26-214,event_miniature,CASK_III,214,250,Fife Chamber 2026,Pinkglow Gin,Fife Chamber 2026 Miniature Edition,100,https://pinkglow-gin-experience.vercel.app/p/PG-FC26-214,unclaimed,2026-05-25 21:20:04.624429+00,2026-05-25 21:20:04.624429+00
bd09daf9-9c09-417c-b697-0ebc979ba217,PG-FC26-052,event_miniature,CASK_I,52,250,Fife Chamber 2026,Pinkglow Gin,Fife Chamber 2026 Miniature Edition,100,https://pinkglow-gin-experience.vercel.app/p/PG-FC26-052,unclaimed,2026-05-25 21:20:04.624429+00,2026-05-25 21:20:04.624429+00
be7c2bfc-f7a1-498b-89bc-c5427cea0581,PG-FC26-098,event_miniature,CASK_II,98,250,Fife Chamber 2026,Pinkglow Gin,Fife Chamber 2026 Miniature Edition,100,https://pinkglow-gin-experience.vercel.app/p/PG-FC26-098,unclaimed,2026-05-25 21:20:04.624429+00,2026-05-25 21:20:04.624429+00
bf30b489-05cf-422c-942c-ae9105ef2ae5,PG-FC26-127,event_miniature,CASK_II,127,250,Fife Chamber 2026,Pinkglow Gin,Fife Chamber 2026 Miniature Edition,100,https://pinkglow-gin-experience.vercel.app/p/PG-FC26-127,unclaimed,2026-05-25 21:20:04.624429+00,2026-05-25 21:20:04.624429+00
c0df563b-c746-48c7-923f-c43df03d2299,PG-FC26-085,event_miniature,CASK_II,85,250,Fife Chamber 2026,Pinkglow Gin,Fife Chamber 2026 Miniature Edition,100,https://pinkglow-gin-experience.vercel.app/p/PG-FC26-085,unclaimed,2026-05-25 21:20:04.624429+00,2026-05-25 21:20:04.624429+00
c1366ef2-8d3c-406b-b398-0d7eb6dfacfa,PG-FC26-066,event_miniature,CASK_I,66,250,Fife Chamber 2026,Pinkglow Gin,Fife Chamber 2026 Miniature Edition,100,https://pinkglow-gin-experience.vercel.app/p/PG-FC26-066,unclaimed,2026-05-25 21:20:04.624429+00,2026-05-25 21:20:04.624429+00
c1a93e52-4af2-4257-8bc7-1e48fe14c8fa,PG-FC26-220,event_miniature,CASK_III,220,250,Fife Chamber 2026,Pinkglow Gin,Fife Chamber 2026 Miniature Edition,100,https://pinkglow-gin-experience.vercel.app/p/PG-FC26-220,unclaimed,2026-05-25 21:20:04.624429+00,2026-05-25 21:20:04.624429+00
c2852173-400f-4070-86bc-782e5323855f,PG-FC26-005,event_miniature,CASK_I,5,250,Fife Chamber 2026,Pinkglow Gin,Fife Chamber 2026 Miniature Edition,100,https://pinkglow-gin-experience.vercel.app/p/PG-FC26-005,unclaimed,2026-05-25 21:20:04.624429+00,2026-05-25 21:20:04.624429+00
c32264db-5279-4d1d-a85b-44252bd3a9e5,PG-FC26-029,event_miniature,CASK_I,29,250,Fife Chamber 2026,Pinkglow Gin,Fife Chamber 2026 Miniature Edition,100,https://pinkglow-gin-experience.vercel.app/p/PG-FC26-029,unclaimed,2026-05-25 21:20:04.624429+00,2026-05-25 21:20:04.624429+00
c331a8b7-267f-4a2b-82be-605325210964,PG-FC26-221,event_miniature,CASK_III,221,250,Fife Chamber 2026,Pinkglow Gin,Fife Chamber 2026 Miniature Edition,100,https://pinkglow-gin-experience.vercel.app/p/PG-FC26-221,unclaimed,2026-05-25 21:20:04.624429+00,2026-05-25 21:20:04.624429+00
c59efe50-3b37-4d66-a79c-a2ede46a242b,PG-FC26-176,event_miniature,CASK_III,176,250,Fife Chamber 2026,Pinkglow Gin,Fife Chamber 2026 Miniature Edition,100,https://pinkglow-gin-experience.vercel.app/p/PG-FC26-176,unclaimed,2026-05-25 21:20:04.624429+00,2026-05-25 21:20:04.624429+00
c5b7ea7b-bfc0-49c0-9216-3aeb3b597537,PG-FC26-246,event_miniature,CASK_III,246,250,Fife Chamber 2026,Pinkglow Gin,Fife Chamber 2026 Miniature Edition,100,https://pinkglow-gin-experience.vercel.app/p/PG-FC26-246,unclaimed,2026-05-25 21:20:04.624429+00,2026-05-25 21:20:04.624429+00
c5ed3780-1660-43f8-b827-fb4ab10b170d,PG-FC26-143,event_miniature,CASK_II,143,250,Fife Chamber 2026,Pinkglow Gin,Fife Chamber 2026 Miniature Edition,100,https://pinkglow-gin-experience.vercel.app/p/PG-FC26-143,unclaimed,2026-05-25 21:20:04.624429+00,2026-05-25 21:20:04.624429+00
c5f2d6e8-a74f-472c-8579-6caf31b540e2,PG-FC26-208,event_miniature,CASK_III,208,250,Fife Chamber 2026,Pinkglow Gin,Fife Chamber 2026 Miniature Edition,100,https://pinkglow-gin-experience.vercel.app/p/PG-FC26-208,unclaimed,2026-05-25 21:20:04.624429+00,2026-05-25 21:20:04.624429+00
c7b83720-345f-4ea2-987e-0e7f509e0ddd,PG-FC26-182,event_miniature,CASK_III,182,250,Fife Chamber 2026,Pinkglow Gin,Fife Chamber 2026 Miniature Edition,100,https://pinkglow-gin-experience.vercel.app/p/PG-FC26-182,unclaimed,2026-05-25 21:20:04.624429+00,2026-05-25 21:20:04.624429+00
cb2a70c4-7c37-4dff-a5d4-503022973412,PG-FC26-055,event_miniature,CASK_I,55,250,Fife Chamber 2026,Pinkglow Gin,Fife Chamber 2026 Miniature Edition,100,https://pinkglow-gin-experience.vercel.app/p/PG-FC26-055,unclaimed,2026-05-25 21:20:04.624429+00,2026-05-25 21:20:04.624429+00
cb707705-d846-4d61-8b12-ed15f61009f3,PG-FC26-197,event_miniature,CASK_III,197,250,Fife Chamber 2026,Pinkglow Gin,Fife Chamber 2026 Miniature Edition,100,https://pinkglow-gin-experience.vercel.app/p/PG-FC26-197,unclaimed,2026-05-25 21:20:04.624429+00,2026-05-25 21:20:04.624429+00
cb78280a-f618-4ab9-8342-5eaae135f1d4,PG-FC26-198,event_miniature,CASK_III,198,250,Fife Chamber 2026,Pinkglow Gin,Fife Chamber 2026 Miniature Edition,100,https://pinkglow-gin-experience.vercel.app/p/PG-FC26-198,unclaimed,2026-05-25 21:20:04.624429+00,2026-05-25 21:20:04.624429+00
cd956f2d-c8fc-43da-b580-a507a3180b1b,PG-FC26-012,event_miniature,CASK_I,12,250,Fife Chamber 2026,Pinkglow Gin,Fife Chamber 2026 Miniature Edition,100,https://pinkglow-gin-experience.vercel.app/p/PG-FC26-012,unclaimed,2026-05-25 21:20:04.624429+00,2026-05-25 21:20:04.624429+00
cddc545d-9a50-4a6a-ab34-d3a55940f45d,PG-FC26-104,event_miniature,CASK_II,104,250,Fife Chamber 2026,Pinkglow Gin,Fife Chamber 2026 Miniature Edition,100,https://pinkglow-gin-experience.vercel.app/p/PG-FC26-104,unclaimed,2026-05-25 21:20:04.624429+00,2026-05-25 21:20:04.624429+00
cea32652-4267-47f6-89dc-5bdcb78523a5,PG-FC26-180,event_miniature,CASK_III,180,250,Fife Chamber 2026,Pinkglow Gin,Fife Chamber 2026 Miniature Edition,100,https://pinkglow-gin-experience.vercel.app/p/PG-FC26-180,unclaimed,2026-05-25 21:20:04.624429+00,2026-05-25 21:20:04.624429+00
cf66a211-6395-412f-ad2d-1f34ece68dbf,PG-FC26-230,event_miniature,CASK_III,230,250,Fife Chamber 2026,Pinkglow Gin,Fife Chamber 2026 Miniature Edition,100,https://pinkglow-gin-experience.vercel.app/p/PG-FC26-230,unclaimed,2026-05-25 21:20:04.624429+00,2026-05-25 21:20:04.624429+00
cf700a9c-62c2-433c-97d7-c939492e1113,PG-FC26-173,event_miniature,CASK_III,173,250,Fife Chamber 2026,Pinkglow Gin,Fife Chamber 2026 Miniature Edition,100,https://pinkglow-gin-experience.vercel.app/p/PG-FC26-173,unclaimed,2026-05-25 21:20:04.624429+00,2026-05-25 21:20:04.624429+00
d0bd1c82-8a17-4505-9df6-cd97d12f4938,PG-FC26-007,event_miniature,CASK_I,7,250,Fife Chamber 2026,Pinkglow Gin,Fife Chamber 2026 Miniature Edition,100,https://pinkglow-gin-experience.vercel.app/p/PG-FC26-007,unclaimed,2026-05-25 21:20:04.624429+00,2026-05-25 21:20:04.624429+00
d185d9c7-4355-48cc-aaa7-df585a59a3c6,PG-FC26-105,event_miniature,CASK_II,105,250,Fife Chamber 2026,Pinkglow Gin,Fife Chamber 2026 Miniature Edition,100,https://pinkglow-gin-experience.vercel.app/p/PG-FC26-105,unclaimed,2026-05-25 21:20:04.624429+00,2026-05-25 21:20:04.624429+00
d1ee499e-0e2a-4782-b258-028e9f1ec83a,PG-FC26-120,event_miniature,CASK_II,120,250,Fife Chamber 2026,Pinkglow Gin,Fife Chamber 2026 Miniature Edition,100,https://pinkglow-gin-experience.vercel.app/p/PG-FC26-120,unclaimed,2026-05-25 21:20:04.624429+00,2026-05-25 21:20:04.624429+00
d57a2ee3-3613-4093-95ec-75cabfbd919d,PG-FC26-030,event_miniature,CASK_I,30,250,Fife Chamber 2026,Pinkglow Gin,Fife Chamber 2026 Miniature Edition,100,https://pinkglow-gin-experience.vercel.app/p/PG-FC26-030,unclaimed,2026-05-25 21:20:04.624429+00,2026-05-25 21:20:04.624429+00
d60b78a7-1fc2-4c9b-bcf8-0058542c4695,PG-FC26-109,event_miniature,CASK_II,109,250,Fife Chamber 2026,Pinkglow Gin,Fife Chamber 2026 Miniature Edition,100,https://pinkglow-gin-experience.vercel.app/p/PG-FC26-109,unclaimed,2026-05-25 21:20:04.624429+00,2026-05-25 21:20:04.624429+00
d6a2648b-0e21-43c2-9d67-a62f377eb367,PG-FC26-231,event_miniature,CASK_III,231,250,Fife Chamber 2026,Pinkglow Gin,Fife Chamber 2026 Miniature Edition,100,https://pinkglow-gin-experience.vercel.app/p/PG-FC26-231,unclaimed,2026-05-25 21:20:04.624429+00,2026-05-25 21:20:04.624429+00
d847506c-3a3f-4a2b-affb-8fd192bbae25,PG-FC26-213,event_miniature,CASK_III,213,250,Fife Chamber 2026,Pinkglow Gin,Fife Chamber 2026 Miniature Edition,100,https://pinkglow-gin-experience.vercel.app/p/PG-FC26-213,unclaimed,2026-05-25 21:20:04.624429+00,2026-05-25 21:20:04.624429+00
d95fd809-d242-4c1c-aaa7-fc3566974fac,PG-FC26-243,event_miniature,CASK_III,243,250,Fife Chamber 2026,Pinkglow Gin,Fife Chamber 2026 Miniature Edition,100,https://pinkglow-gin-experience.vercel.app/p/PG-FC26-243,unclaimed,2026-05-25 21:20:04.624429+00,2026-05-25 21:20:04.624429+00
d9c1839b-49d3-4583-809a-b5dffb273f37,PG-FC26-157,event_miniature,CASK_II,157,250,Fife Chamber 2026,Pinkglow Gin,Fife Chamber 2026 Miniature Edition,100,https://pinkglow-gin-experience.vercel.app/p/PG-FC26-157,claimed,2026-05-25 21:20:04.624429+00,2026-05-25 21:20:04.624429+00
da0f88fe-99d8-4bff-bec4-c692b1ca2655,PG-FC26-222,event_miniature,CASK_III,222,250,Fife Chamber 2026,Pinkglow Gin,Fife Chamber 2026 Miniature Edition,100,https://pinkglow-gin-experience.vercel.app/p/PG-FC26-222,unclaimed,2026-05-25 21:20:04.624429+00,2026-05-25 21:20:04.624429+00
da11cf18-ae49-4052-a18a-d9f3e48c777d,PG-FC26-115,event_miniature,CASK_II,115,250,Fife Chamber 2026,Pinkglow Gin,Fife Chamber 2026 Miniature Edition,100,https://pinkglow-gin-experience.vercel.app/p/PG-FC26-115,unclaimed,2026-05-25 21:20:04.624429+00,2026-05-25 21:20:04.624429+00
da44765e-2e91-4d55-9145-104a63d47b5c,PG-FC26-236,event_miniature,CASK_III,236,250,Fife Chamber 2026,Pinkglow Gin,Fife Chamber 2026 Miniature Edition,100,https://pinkglow-gin-experience.vercel.app/p/PG-FC26-236,unclaimed,2026-05-25 21:20:04.624429+00,2026-05-25 21:20:04.624429+00
dacca308-90cf-4b8a-b2cb-c34d1f7f2453,PG-FC26-107,event_miniature,CASK_II,107,250,Fife Chamber 2026,Pinkglow Gin,Fife Chamber 2026 Miniature Edition,100,https://pinkglow-gin-experience.vercel.app/p/PG-FC26-107,unclaimed,2026-05-25 21:20:04.624429+00,2026-05-25 21:20:04.624429+00
dbd9911e-ab9c-469e-902b-3b61099d4fcf,PG-FC26-132,event_miniature,CASK_II,132,250,Fife Chamber 2026,Pinkglow Gin,Fife Chamber 2026 Miniature Edition,100,https://pinkglow-gin-experience.vercel.app/p/PG-FC26-132,unclaimed,2026-05-25 21:20:04.624429+00,2026-05-25 21:20:04.624429+00
dc3b25dc-c90a-4ebe-8294-9b49662a47eb,PG-FC26-146,event_miniature,CASK_II,146,250,Fife Chamber 2026,Pinkglow Gin,Fife Chamber 2026 Miniature Edition,100,https://pinkglow-gin-experience.vercel.app/p/PG-FC26-146,unclaimed,2026-05-25 21:20:04.624429+00,2026-05-25 21:20:04.624429+00
dc8339d2-4e20-4701-a9d8-698d67b05a34,PG-FC26-003,event_miniature,CASK_I,3,250,Fife Chamber 2026,Pinkglow Gin,Fife Chamber 2026 Miniature Edition,100,https://pinkglow-gin-experience.vercel.app/p/PG-FC26-003,unclaimed,2026-05-25 21:20:04.624429+00,2026-05-25 21:20:04.624429+00
dc879c80-8d69-42e5-be76-272660c54429,PG-FC26-072,event_miniature,CASK_I,72,250,Fife Chamber 2026,Pinkglow Gin,Fife Chamber 2026 Miniature Edition,100,https://pinkglow-gin-experience.vercel.app/p/PG-FC26-072,unclaimed,2026-05-25 21:20:04.624429+00,2026-05-25 21:20:04.624429+00
de017110-e9b6-4307-b154-7c04befc5f4d,PG-FC26-207,event_miniature,CASK_III,207,250,Fife Chamber 2026,Pinkglow Gin,Fife Chamber 2026 Miniature Edition,100,https://pinkglow-gin-experience.vercel.app/p/PG-FC26-207,unclaimed,2026-05-25 21:20:04.624429+00,2026-05-25 21:20:04.624429+00
de1d1028-30a3-4a13-8bbc-b8e90b99bbdb,PG-FC26-075,event_miniature,CASK_I,75,250,Fife Chamber 2026,Pinkglow Gin,Fife Chamber 2026 Miniature Edition,100,https://pinkglow-gin-experience.vercel.app/p/PG-FC26-075,unclaimed,2026-05-25 21:20:04.624429+00,2026-05-25 21:20:04.624429+00
de7dc0d5-f495-4b18-adc5-319e35c292b9,PG-FC26-130,event_miniature,CASK_II,130,250,Fife Chamber 2026,Pinkglow Gin,Fife Chamber 2026 Miniature Edition,100,https://pinkglow-gin-experience.vercel.app/p/PG-FC26-130,unclaimed,2026-05-25 21:20:04.624429+00,2026-05-25 21:20:04.624429+00
e1dfd853-83b5-4d01-8316-58812e94ff16,PG-FC26-128,event_miniature,CASK_II,128,250,Fife Chamber 2026,Pinkglow Gin,Fife Chamber 2026 Miniature Edition,100,https://pinkglow-gin-experience.vercel.app/p/PG-FC26-128,unclaimed,2026-05-25 21:20:04.624429+00,2026-05-25 21:20:04.624429+00
e2fa6c19-8821-4d0f-a8a5-2683baaa579e,PG-FC26-100,event_miniature,CASK_II,100,250,Fife Chamber 2026,Pinkglow Gin,Fife Chamber 2026 Miniature Edition,100,https://pinkglow-gin-experience.vercel.app/p/PG-FC26-100,unclaimed,2026-05-25 21:20:04.624429+00,2026-05-25 21:20:04.624429+00
e43126cc-daf5-40a4-8bd5-adba2fb7e5c3,PG-FC26-034,event_miniature,CASK_I,34,250,Fife Chamber 2026,Pinkglow Gin,Fife Chamber 2026 Miniature Edition,100,https://pinkglow-gin-experience.vercel.app/p/PG-FC26-034,unclaimed,2026-05-25 21:20:04.624429+00,2026-05-25 21:20:04.624429+00
e7a9a4f1-7951-4ecb-aabf-e714c00e3d34,PG-FC26-185,event_miniature,CASK_III,185,250,Fife Chamber 2026,Pinkglow Gin,Fife Chamber 2026 Miniature Edition,100,https://pinkglow-gin-experience.vercel.app/p/PG-FC26-185,unclaimed,2026-05-25 21:20:04.624429+00,2026-05-25 21:20:04.624429+00
e7c53e05-5ffd-4b93-85e7-b4ccf8b187e0,PG-FC26-006,event_miniature,CASK_I,6,250,Fife Chamber 2026,Pinkglow Gin,Fife Chamber 2026 Miniature Edition,100,https://pinkglow-gin-experience.vercel.app/p/PG-FC26-006,unclaimed,2026-05-25 21:20:04.624429+00,2026-05-25 21:20:04.624429+00
e7e2a413-2f36-4d6a-8d30-2a772b18955c,PG-FC26-002,event_miniature,CASK_I,2,250,Fife Chamber 2026,Pinkglow Gin,Fife Chamber 2026 Miniature Edition,100,https://pinkglow-gin-experience.vercel.app/p/PG-FC26-002,unclaimed,2026-05-25 21:20:04.624429+00,2026-05-25 21:20:04.624429+00
e81144cd-c07e-4308-a9f5-8f4813e5b6cc,PG-FC26-206,event_miniature,CASK_III,206,250,Fife Chamber 2026,Pinkglow Gin,Fife Chamber 2026 Miniature Edition,100,https://pinkglow-gin-experience.vercel.app/p/PG-FC26-206,unclaimed,2026-05-25 21:20:04.624429+00,2026-05-25 21:20:04.624429+00
e9d76df7-ee3b-4977-8eb1-20b8a1270aa9,PG-FC26-188,event_miniature,CASK_III,188,250,Fife Chamber 2026,Pinkglow Gin,Fife Chamber 2026 Miniature Edition,100,https://pinkglow-gin-experience.vercel.app/p/PG-FC26-188,unclaimed,2026-05-25 21:20:04.624429+00,2026-05-25 21:20:04.624429+00
ea578db4-bb09-4b62-964c-5ec6fcb3d9b3,PG-FC26-212,event_miniature,CASK_III,212,250,Fife Chamber 2026,Pinkglow Gin,Fife Chamber 2026 Miniature Edition,100,https://pinkglow-gin-experience.vercel.app/p/PG-FC26-212,claimed,2026-05-25 21:20:04.624429+00,2026-05-25 21:20:04.624429+00
eac23985-6b33-408d-90cc-4abba0e5145d,PG-FC26-041,event_miniature,CASK_I,41,250,Fife Chamber 2026,Pinkglow Gin,Fife Chamber 2026 Miniature Edition,100,https://pinkglow-gin-experience.vercel.app/p/PG-FC26-041,unclaimed,2026-05-25 21:20:04.624429+00,2026-05-25 21:20:04.624429+00
eb3180a4-a37d-47ef-b63b-28f4194f6b91,PG-FC26-137,event_miniature,CASK_II,137,250,Fife Chamber 2026,Pinkglow Gin,Fife Chamber 2026 Miniature Edition,100,https://pinkglow-gin-experience.vercel.app/p/PG-FC26-137,unclaimed,2026-05-25 21:20:04.624429+00,2026-05-25 21:20:04.624429+00
ee378b8f-f0c9-4d2e-bb35-52d861648c76,PG-FC26-204,event_miniature,CASK_III,204,250,Fife Chamber 2026,Pinkglow Gin,Fife Chamber 2026 Miniature Edition,100,https://pinkglow-gin-experience.vercel.app/p/PG-FC26-204,unclaimed,2026-05-25 21:20:04.624429+00,2026-05-25 21:20:04.624429+00
efb2bb80-9257-4740-b0f6-ab253d269cd5,PG-FC26-068,event_miniature,CASK_I,68,250,Fife Chamber 2026,Pinkglow Gin,Fife Chamber 2026 Miniature Edition,100,https://pinkglow-gin-experience.vercel.app/p/PG-FC26-068,unclaimed,2026-05-25 21:20:04.624429+00,2026-05-25 21:20:04.624429+00
f0108592-4396-4ba0-a7d3-f00d94171e48,PG-FC26-116,event_miniature,CASK_II,116,250,Fife Chamber 2026,Pinkglow Gin,Fife Chamber 2026 Miniature Edition,100,https://pinkglow-gin-experience.vercel.app/p/PG-FC26-116,unclaimed,2026-05-25 21:20:04.624429+00,2026-05-25 21:20:04.624429+00
f111573d-cc9c-4a98-93c0-36d9453069b4,PG-FC26-239,event_miniature,CASK_III,239,250,Fife Chamber 2026,Pinkglow Gin,Fife Chamber 2026 Miniature Edition,100,https://pinkglow-gin-experience.vercel.app/p/PG-FC26-239,unclaimed,2026-05-25 21:20:04.624429+00,2026-05-25 21:20:04.624429+00
f13b6086-1d95-47b0-80ed-9c294ba2d5d8,PG-FC26-186,event_miniature,CASK_III,186,250,Fife Chamber 2026,Pinkglow Gin,Fife Chamber 2026 Miniature Edition,100,https://pinkglow-gin-experience.vercel.app/p/PG-FC26-186,unclaimed,2026-05-25 21:20:04.624429+00,2026-05-25 21:20:04.624429+00
f3185a3c-a6c6-48df-b26e-ee45e751f24f,PG-FC26-088,event_miniature,CASK_II,88,250,Fife Chamber 2026,Pinkglow Gin,Fife Chamber 2026 Miniature Edition,100,https://pinkglow-gin-experience.vercel.app/p/PG-FC26-088,unclaimed,2026-05-25 21:20:04.624429+00,2026-05-25 21:20:04.624429+00
f31c2eb9-5eee-4da8-ac8e-e6f66caa82d5,PG-FC26-133,event_miniature,CASK_II,133,250,Fife Chamber 2026,Pinkglow Gin,Fife Chamber 2026 Miniature Edition,100,https://pinkglow-gin-experience.vercel.app/p/PG-FC26-133,unclaimed,2026-05-25 21:20:04.624429+00,2026-05-25 21:20:04.624429+00
f4ed2557-3ad6-45a0-b9be-16ffb252082c,PG-FC26-202,event_miniature,CASK_III,202,250,Fife Chamber 2026,Pinkglow Gin,Fife Chamber 2026 Miniature Edition,100,https://pinkglow-gin-experience.vercel.app/p/PG-FC26-202,unclaimed,2026-05-25 21:20:04.624429+00,2026-05-25 21:20:04.624429+00
f56d3b37-4632-4ef6-95c8-166c9767154a,PG-FC26-089,event_miniature,CASK_II,89,250,Fife Chamber 2026,Pinkglow Gin,Fife Chamber 2026 Miniature Edition,100,https://pinkglow-gin-experience.vercel.app/p/PG-FC26-089,unclaimed,2026-05-25 21:20:04.624429+00,2026-05-25 21:20:04.624429+00
f5be8dff-1ac6-4e97-834b-ea47286bf78a,PG-FC26-117,event_miniature,CASK_II,117,250,Fife Chamber 2026,Pinkglow Gin,Fife Chamber 2026 Miniature Edition,100,https://pinkglow-gin-experience.vercel.app/p/PG-FC26-117,unclaimed,2026-05-25 21:20:04.624429+00,2026-05-25 21:20:04.624429+00
f66fb86b-7dd1-48fd-a473-4691f16f96e0,PG-FC26-235,event_miniature,CASK_III,235,250,Fife Chamber 2026,Pinkglow Gin,Fife Chamber 2026 Miniature Edition,100,https://pinkglow-gin-experience.vercel.app/p/PG-FC26-235,unclaimed,2026-05-25 21:20:04.624429+00,2026-05-25 21:20:04.624429+00
f6aabaa5-bb65-446e-badf-eca7677c6531,PG-FC26-184,event_miniature,CASK_III,184,250,Fife Chamber 2026,Pinkglow Gin,Fife Chamber 2026 Miniature Edition,100,https://pinkglow-gin-experience.vercel.app/p/PG-FC26-184,unclaimed,2026-05-25 21:20:04.624429+00,2026-05-25 21:20:04.624429+00
f934a66f-f157-45fb-bad3-7b57d0111695,PG-FC26-172,event_miniature,CASK_III,172,250,Fife Chamber 2026,Pinkglow Gin,Fife Chamber 2026 Miniature Edition,100,https://pinkglow-gin-experience.vercel.app/p/PG-FC26-172,unclaimed,2026-05-25 21:20:04.624429+00,2026-05-25 21:20:04.624429+00
fa0b4053-efc9-4fb2-8dc7-947a04d8d8ee,PG-FC26-247,event_miniature,CASK_III,247,250,Fife Chamber 2026,Pinkglow Gin,Fife Chamber 2026 Miniature Edition,100,https://pinkglow-gin-experience.vercel.app/p/PG-FC26-247,unclaimed,2026-05-25 21:20:04.624429+00,2026-05-25 21:20:04.624429+00
fa16d48b-e4e9-4aea-8098-f04dea6e2c8e,PG-FC26-040,event_miniature,CASK_I,40,250,Fife Chamber 2026,Pinkglow Gin,Fife Chamber 2026 Miniature Edition,100,https://pinkglow-gin-experience.vercel.app/p/PG-FC26-040,unclaimed,2026-05-25 21:20:04.624429+00,2026-05-25 21:20:04.624429+00
fa4aa625-14fa-45a8-89cf-fe17cc07991b,PG-FC26-165,event_miniature,CASK_II,165,250,Fife Chamber 2026,Pinkglow Gin,Fife Chamber 2026 Miniature Edition,100,https://pinkglow-gin-experience.vercel.app/p/PG-FC26-165,unclaimed,2026-05-25 21:20:04.624429+00,2026-05-25 21:20:04.624429+00
fb562299-7510-40bb-9685-81d402b7004a,PG-FC26-058,event_miniature,CASK_I,58,250,Fife Chamber 2026,Pinkglow Gin,Fife Chamber 2026 Miniature Edition,100,https://pinkglow-gin-experience.vercel.app/p/PG-FC26-058,unclaimed,2026-05-25 21:20:04.624429+00,2026-05-25 21:20:04.624429+00
fd8d273b-2cb5-4bae-9a51-b6f671bff043,PG-FC26-025,event_miniature,CASK_I,25,250,Fife Chamber 2026,Pinkglow Gin,Fife Chamber 2026 Miniature Edition,100,https://pinkglow-gin-experience.vercel.app/p/PG-FC26-025,unclaimed,2026-05-25 21:20:04.624429+00,2026-05-25 21:20:04.624429+00
fe2b8cb6-d33a-4f3f-94b8-1466ef0ff163,PG-FC26-237,event_miniature,CASK_III,237,250,Fife Chamber 2026,Pinkglow Gin,Fife Chamber 2026 Miniature Edition,100,https://pinkglow-gin-experience.vercel.app/p/PG-FC26-237,unclaimed,2026-05-25 21:20:04.624429+00,2026-05-25 21:20:04.624429+00
fe63bd20-34d8-4d24-90b8-674cf679c0f7,PG-FC26-017,event_miniature,CASK_I,17,250,Fife Chamber 2026,Pinkglow Gin,Fife Chamber 2026 Miniature Edition,100,https://pinkglow-gin-experience.vercel.app/p/PG-FC26-017,unclaimed,2026-05-25 21:20:04.624429+00,2026-05-25 21:20:04.624429+00
ff0b308b-648c-4ae1-81c1-399fddc64019,PG-FC26-233,event_miniature,CASK_III,233,250,Fife Chamber 2026,Pinkglow Gin,Fife Chamber 2026 Miniature Edition,100,https://pinkglow-gin-experience.vercel.app/p/PG-FC26-233,unclaimed,2026-05-25 21:20:04.624429+00,2026-05-25 21:20:04.624429+00
ffbbc983-4d0b-41c1-a33e-cf8311b4d969,PG-FC26-131,event_miniature,CASK_II,131,250,Fife Chamber 2026,Pinkglow Gin,Fife Chamber 2026 Miniature Edition,100,https://pinkglow-gin-experience.vercel.app/p/PG-FC26-131,unclaimed,2026-05-25 21:20:04.624429+00,2026-05-25 21:20:04.624429+00